
		insert into info values(
			100, '开发', 6059, 6, '互联网无疑是当今最热门的行业，这个行业高薪资的背后也是大量的加班和激烈的竞争！你是做互联网的吗？你准备做互联网吗？互联网不止是技术，也没有那么高大上，只要你想，就努力试试吧。在产品、技术、设计、运营、市场和职能几大类中选择适合你的。建议刚毕业的普通大学生，尽量进那些互联网+传统行业的公司，因为这就是未来！未来将很少有纯互联网技术公司，也很少有纯粹的传统行业，互联网必定融合和改变几乎所有的行业！', '备用测试文本白箱测试装饰器', '', '谷歌中国',
			'', '', '2018-06-17 15:47:27', '3131812151017171416', 'c77A3@163.com', '2018-06-17', 2
		);
		insert into info values(
			101, '测试', 6761, 4, '随着信息技术的快速发展，编程语言的不断更新，程序员需要不断自我学习，不断创新吸收，未来的程序开发一定是智能化、定制化、创造化，这也要求了技术岗的从业人员不断保持对工作的激情和热爱。', '并发模拟白盒嵌入式边缘调整', '', '百度',
			'', '', '2018-06-17 15:47:27', '6171219161210101712', 'Ed7DD@outlook.com', '2018-06-17', 7
		);
		insert into info values(
			102, '开发', 7604, 4, '随着信息技术的快速发展，编程语言的不断更新，程序员需要不断自我学习，不断创新吸收，未来的程序开发一定是智能化、定制化、创造化，这也要求了技术岗的从业人员不断保持对工作的激情和热爱。', '类方法访问级别博弈论大数据', '', '阿里巴巴',
			'', '', '2018-06-17 15:47:27', '3181515101419161214', 'c7e15@gmail.com', '2018-06-17', 7
		);
		insert into info values(
			103, '开发', 7586, 3, '近几年最被热捧的职位，李开复说它是CEO的学前班，最有代表性的人物是乔布斯和张小龙。产品经理这个职位确实很重要，产品每次迭代是什么样很大程度上都是产品经理决定的！但是市场上绝大多数产品经理都是不称职的，不乏滥竽充数之辈，但是这也和这个职业刚出现不久有很大关系。', '并行计算并行模拟面向过程测试运行', '', '百度',
			'', '', '2018-06-17 15:47:27', '0191115101314151612', '8DFE1@qq.com', '2018-06-17', 2
		);
		insert into info values(
			104, '测试', 6515, 9, '任何专业和岗位都可以，理工类更好，由互联网其他岗位转岗也很多。你不需要会写代码，但是要懂一些基本原理。不管你是内向还是外向都OK，只要你热爱互联网，拥有一个做出好产品的心，你都可以试试。', '人工智能别名分析参数编辑程序', '', '网易',
			'', '', '2018-06-17 15:47:27', '8171915141918151919', 'c84DE@outlook.com', '2018-06-17', 9
		);
		insert into info values(
			105, '设计', 7465, 10, '整个互联网行业是建立在计算机技术开发的基础之上，因此该行业对于技术类人才的需求占了45%左右。然而现在的互联网产品模仿非常严重，新产品上线不久往往就有很多的竞争者，加之现在的互联网产品中技术越来越不能成为其壁垒，那么，除了产品自身优秀外，市场和运营的作用就非常关键，可以说决定着产品的前途和命运。所以我们从下图可以看到，互联网行业对于市场和运营的人才需求比例也非常大。从排在前三类职位的细分职业来看，互联网行业对研发工程师，销售人员，运营专员的需求分别占了各自所属类别职位的一半以上。', '可用性边沿触发低时延分布式计算', '', '谷歌中国',
			'', '', '2018-06-17 15:47:27', '4181415121417181919', 'ddC5D@gmail.com', '2018-06-17', 6
		);
		insert into info values(
			106, '测试', 6138, 7, '互联网无疑是当今最热门的行业，这个行业高薪资的背后也是大量的加班和激烈的竞争！你是做互联网的吗？你准备做互联网吗？互联网不止是技术，也没有那么高大上，只要你想，就努力试试吧。在产品、技术、设计、运营、市场和职能几大类中选择适合你的。建议刚毕业的普通大学生，尽量进那些互联网+传统行业的公司，因为这就是未来！未来将很少有纯互联网技术公司，也很少有纯粹的传统行业，互联网必定融合和改变几乎所有的行业！', '基本类型测试回路构件图变度', '', '阿里巴巴',
			'', '', '2018-06-17 15:47:27', '6191010181415141113', 'e40eA@gmail.com', '2018-06-17', 1
		);
		insert into info values(
			107, '运维', 6520, 7, '整个互联网行业是建立在计算机技术开发的基础之上，因此该行业对于技术类人才的需求占了45%左右。然而现在的互联网产品模仿非常严重，新产品上线不久往往就有很多的竞争者，加之现在的互联网产品中技术越来越不能成为其壁垒，那么，除了产品自身优秀外，市场和运营的作用就非常关键，可以说决定着产品的前途和命运。所以我们从下图可以看到，互联网行业对于市场和运营的人才需求比例也非常大。从排在前三类职位的细分职业来看，互联网行业对研发工程师，销售人员，运营专员的需求分别占了各自所属类别职位的一半以上。', '类继承业务实时的浮点', '', '网易',
			'', '', '2018-06-17 15:47:27', '5171716171318101416', '8C693@163.com', '2018-06-17', 8
		);
		insert into info values(
			108, '开发', 7423, 8, '任何专业和岗位都可以，理工类更好，由互联网其他岗位转岗也很多。你不需要会写代码，但是要懂一些基本原理。不管你是内向还是外向都OK，只要你热爱互联网，拥有一个做出好产品的心，你都可以试试。', '安全等级不变量不一致性单片机', '', '谷歌中国',
			'', '', '2018-06-17 15:47:27', '0191013181310131211', '07baB@outlook.com', '2018-06-17', 4
		);
		insert into info values(
			109, '测试', 6277, 5, '技术类职位依然是大多数互联网公司的主力军，很多公司的研发人员都占半数以上。与此同时，技术类职位是各阶段薪资最高的工种。技术类职位是专业度较高的职业，除了大学对口专业输出，市面上的培训机构输出也占半壁江山，现阶段培训机构的人才越来越不受欢迎，只能靠伪造简历找工作！技术类岗位需求量还是相当大，不过大多数企业都喜欢有经验技术好的工程师。', '并行模拟压测报文捕获并行算法', '', '网易',
			'', '', '2018-06-17 15:47:27', '1101113161615191316', 'aB3dA@gmail.com', '2018-06-17', 4
		);
		insert into info values(
			110, '设计', 6425, 1, '任何专业和岗位都可以，理工类更好，由互联网其他岗位转岗也很多。你不需要会写代码，但是要懂一些基本原理。不管你是内向还是外向都OK，只要你热爱互联网，拥有一个做出好产品的心，你都可以试试。', '子类协议批处理安全域', '', '阿里巴巴',
			'', '', '2018-06-17 15:47:27', '6191015171117151012', 'f3867@gmail.com', '2018-06-17', 2
		);
		insert into info values(
			111, '测试', 6449, 6, '任何专业和岗位都可以，理工类更好，由互联网其他岗位转岗也很多。你不需要会写代码，但是要懂一些基本原理。不管你是内向还是外向都OK，只要你热爱互联网，拥有一个做出好产品的心，你都可以试试。', '标准中断破密分组协议单点登录', '', '阿里巴巴',
			'', '', '2018-06-17 15:47:27', '2171018171910171217', 'baF7e@qq.com', '2018-06-17', 4
		);
		insert into info values(
			112, '开发', 7227, 3, '随着信息技术的快速发展，编程语言的不断更新，程序员需要不断自我学习，不断创新吸收，未来的程序开发一定是智能化、定制化、创造化，这也要求了技术岗的从业人员不断保持对工作的激情和热爱。', '边缘触发办公活动成员编译类型', '', '谷歌中国',
			'', '', '2018-06-17 15:47:27', '1171617181414181215', 'aD6A2@outlook.com', '2018-06-17', 4
		);
		insert into info values(
			113, '运维', 7183, 3, '互联网无疑是当今最热门的行业，这个行业高薪资的背后也是大量的加班和激烈的竞争！你是做互联网的吗？你准备做互联网吗？互联网不止是技术，也没有那么高大上，只要你想，就努力试试吧。在产品、技术、设计、运营、市场和职能几大类中选择适合你的。建议刚毕业的普通大学生，尽量进那些互联网+传统行业的公司，因为这就是未来！未来将很少有纯互联网技术公司，也很少有纯粹的传统行业，互联网必定融合和改变几乎所有的行业！', '不等长编码参数测试变更转储分布式架构', '', '阿里巴巴',
			'', '', '2018-06-17 15:47:27', '4181715171318151613', '0a0a6@outlook.com', '2018-06-17', 2
		);
		insert into info values(
			114, '运维', 6444, 5, '随着信息技术的快速发展，编程语言的不断更新，程序员需要不断自我学习，不断创新吸收，未来的程序开发一定是智能化、定制化、创造化，这也要求了技术岗的从业人员不断保持对工作的激情和热爱。', '泛型测试环路参数空间变长编码', '', '网易',
			'', '', '2018-06-17 15:47:27', '9191611111516121813', 'FA871@gmail.com', '2018-06-17', 6
		);
		insert into info values(
			115, '测试', 7846, 10, '近几年最被热捧的职位，李开复说它是CEO的学前班，最有代表性的人物是乔布斯和张小龙。产品经理这个职位确实很重要，产品每次迭代是什么样很大程度上都是产品经理决定的！但是市场上绝大多数产品经理都是不称职的，不乏滥竽充数之辈，但是这也和这个职业刚出现不久有很大关系。', '不可逆加密管理员帐号瀑布模型二叉链表', '', '网易',
			'', '', '2018-06-17 15:47:27', '4151718121913121418', 'db533@gmail.com', '2018-06-17', 6
		);
		insert into info values(
			116, '运维', 7231, 9, '近几年最被热捧的职位，李开复说它是CEO的学前班，最有代表性的人物是乔布斯和张小龙。产品经理这个职位确实很重要，产品每次迭代是什么样很大程度上都是产品经理决定的！但是市场上绝大多数产品经理都是不称职的，不乏滥竽充数之辈，但是这也和这个职业刚出现不久有很大关系。', '垃圾回收并行处理位址空间操作符', '', '谷歌中国',
			'', '', '2018-06-17 15:47:27', '0171116181612171814', '58aF9@outlook.com', '2018-06-17', 0
		);
		insert into info values(
			117, '测试', 7476, 6, '随着信息技术的快速发展，编程语言的不断更新，程序员需要不断自我学习，不断创新吸收，未来的程序开发一定是智能化、定制化、创造化，这也要求了技术岗的从业人员不断保持对工作的激情和热爱。', '并行端口下标消息队列标准程序库', '', '谷歌中国',
			'', '', '2018-06-17 15:47:27', '9171614141212111511', '8eAAb@outlook.com', '2018-06-17', 5
		);
		insert into info values(
			118, '设计', 7921, 7, '技术类职位依然是大多数互联网公司的主力军，很多公司的研发人员都占半数以上。与此同时，技术类职位是各阶段薪资最高的工种。技术类职位是专业度较高的职业，除了大学对口专业输出，市面上的培训机构输出也占半壁江山，现阶段培训机构的人才越来越不受欢迎，只能靠伪造简历找工作！技术类岗位需求量还是相当大，不过大多数企业都喜欢有经验技术好的工程师。', '线程安全异构计算编码字符集变焦', '', '阿里巴巴',
			'', '', '2018-06-17 15:47:27', '7121615101015121617', '169Dd@qq.com', '2018-06-17', 9
		);
		insert into info values(
			119, '运维', 6876, 6, '近几年最被热捧的职位，李开复说它是CEO的学前班，最有代表性的人物是乔布斯和张小龙。产品经理这个职位确实很重要，产品每次迭代是什么样很大程度上都是产品经理决定的！但是市场上绝大多数产品经理都是不称职的，不乏滥竽充数之辈，但是这也和这个职业刚出现不久有很大关系。', '返回类型层次网安全性保留内存', '', '谷歌中国',
			'', '', '2018-06-17 15:47:27', '5121110181713151213', 'a0796@163.com', '2018-06-17', 4
		);
		insert into info values(
			120, '设计', 7651, 4, '整个互联网行业是建立在计算机技术开发的基础之上，因此该行业对于技术类人才的需求占了45%左右。然而现在的互联网产品模仿非常严重，新产品上线不久往往就有很多的竞争者，加之现在的互联网产品中技术越来越不能成为其壁垒，那么，除了产品自身优秀外，市场和运营的作用就非常关键，可以说决定着产品的前途和命运。所以我们从下图可以看到，互联网行业对于市场和运营的人才需求比例也非常大。从排在前三类职位的细分职业来看，互联网行业对研发工程师，销售人员，运营专员的需求分别占了各自所属类别职位的一半以上。', '安全审计版本控制只读位址空间', '', '阿里巴巴',
			'', '', '2018-06-17 15:47:27', '8131614101113181014', '0FC13@qq.com', '2018-06-17', 3
		);
		insert into info values(
			121, '设计', 6810, 8, '整个互联网行业是建立在计算机技术开发的基础之上，因此该行业对于技术类人才的需求占了45%左右。然而现在的互联网产品模仿非常严重，新产品上线不久往往就有很多的竞争者，加之现在的互联网产品中技术越来越不能成为其壁垒，那么，除了产品自身优秀外，市场和运营的作用就非常关键，可以说决定着产品的前途和命运。所以我们从下图可以看到，互联网行业对于市场和运营的人才需求比例也非常大。从排在前三类职位的细分职业来看，互联网行业对研发工程师，销售人员，运营专员的需求分别占了各自所属类别职位的一半以上。', '报文摘译变换编码测试响应不精确中断', '', '阿里巴巴',
			'', '', '2018-06-17 15:47:27', '2171018131010161917', 'Cac90@qq.com', '2018-06-17', 10
		);
		insert into info values(
			122, '开发', 7601, 5, '近几年最被热捧的职位，李开复说它是CEO的学前班，最有代表性的人物是乔布斯和张小龙。产品经理这个职位确实很重要，产品每次迭代是什么样很大程度上都是产品经理决定的！但是市场上绝大多数产品经理都是不称职的，不乏滥竽充数之辈，但是这也和这个职业刚出现不久有很大关系。', '对象命名空间编译类型扩展点', '', '阿里巴巴',
			'', '', '2018-06-17 15:47:27', '4141913161312101712', '3121B@outlook.com', '2018-06-17', 9
		);
		insert into info values(
			123, '测试', 6268, 3, '互联网无疑是当今最热门的行业，这个行业高薪资的背后也是大量的加班和激烈的竞争！你是做互联网的吗？你准备做互联网吗？互联网不止是技术，也没有那么高大上，只要你想，就努力试试吧。在产品、技术、设计、运营、市场和职能几大类中选择适合你的。建议刚毕业的普通大学生，尽量进那些互联网+传统行业的公司，因为这就是未来！未来将很少有纯互联网技术公司，也很少有纯粹的传统行业，互联网必定融合和改变几乎所有的行业！', '边缘操作边缘故障高性能编解码器', '', '百度',
			'', '', '2018-06-17 15:47:27', '4141019191014191116', 'EB35E@outlook.com', '2018-06-17', 6
		);
		insert into info values(
			124, '运维', 6981, 4, '整个互联网行业是建立在计算机技术开发的基础之上，因此该行业对于技术类人才的需求占了45%左右。然而现在的互联网产品模仿非常严重，新产品上线不久往往就有很多的竞争者，加之现在的互联网产品中技术越来越不能成为其壁垒，那么，除了产品自身优秀外，市场和运营的作用就非常关键，可以说决定着产品的前途和命运。所以我们从下图可以看到，互联网行业对于市场和运营的人才需求比例也非常大。从排在前三类职位的细分职业来看，互联网行业对研发工程师，销售人员，运营专员的需求分别占了各自所属类别职位的一半以上。', '高吞吐实时的报表宏定义', '', '谷歌中国',
			'', '', '2018-06-17 15:47:27', '2181612131415131513', 'faFCf@gmail.com', '2018-06-17', 9
		);
		insert into info values(
			125, '运维', 7208, 8, '整个互联网行业是建立在计算机技术开发的基础之上，因此该行业对于技术类人才的需求占了45%左右。然而现在的互联网产品模仿非常严重，新产品上线不久往往就有很多的竞争者，加之现在的互联网产品中技术越来越不能成为其壁垒，那么，除了产品自身优秀外，市场和运营的作用就非常关键，可以说决定着产品的前途和命运。所以我们从下图可以看到，互联网行业对于市场和运营的人才需求比例也非常大。从排在前三类职位的细分职业来看，互联网行业对研发工程师，销售人员，运营专员的需求分别占了各自所属类别职位的一半以上。', '测试报告办公活动成员变量瀑布模型', '', '阿里巴巴',
			'', '', '2018-06-17 15:47:27', '9161313141318161611', 'aD03d@gmail.com', '2018-06-17', 5
		);
		insert into info values(
			126, '测试', 7702, 2, '整个互联网行业是建立在计算机技术开发的基础之上，因此该行业对于技术类人才的需求占了45%左右。然而现在的互联网产品模仿非常严重，新产品上线不久往往就有很多的竞争者，加之现在的互联网产品中技术越来越不能成为其壁垒，那么，除了产品自身优秀外，市场和运营的作用就非常关键，可以说决定着产品的前途和命运。所以我们从下图可以看到，互联网行业对于市场和运营的人才需求比例也非常大。从排在前三类职位的细分职业来看，互联网行业对研发工程师，销售人员，运营专员的需求分别占了各自所属类别职位的一半以上。', '高速缓存报酬分析螺旋模型断点', '', '谷歌中国',
			'', '', '2018-06-17 15:47:27', '6131919101215161613', 'EEDE7@qq.com', '2018-06-17', 10
		);
		insert into info values(
			127, '运维', 7048, 7, '近几年最被热捧的职位，李开复说它是CEO的学前班，最有代表性的人物是乔布斯和张小龙。产品经理这个职位确实很重要，产品每次迭代是什么样很大程度上都是产品经理决定的！但是市场上绝大多数产品经理都是不称职的，不乏滥竽充数之辈，但是这也和这个职业刚出现不久有很大关系。', '边缘版本检测自变量标准程序库', '', '谷歌中国',
			'', '', '2018-06-17 15:47:27', '7171412161212101312', '28DDf@163.com', '2018-06-17', 9
		);
		insert into info values(
			128, '运维', 6143, 4, '任何专业和岗位都可以，理工类更好，由互联网其他岗位转岗也很多。你不需要会写代码，但是要懂一些基本原理。不管你是内向还是外向都OK，只要你热爱互联网，拥有一个做出好产品的心，你都可以试试。', '实例变量本地地址扁平封装版本管理', '', '百度',
			'', '', '2018-06-17 15:47:27', '7171214101517141518', 'cF2D0@qq.com', '2018-06-17', 2
		);
		insert into info values(
			129, '运维', 6661, 1, '互联网无疑是当今最热门的行业，这个行业高薪资的背后也是大量的加班和激烈的竞争！你是做互联网的吗？你准备做互联网吗？互联网不止是技术，也没有那么高大上，只要你想，就努力试试吧。在产品、技术、设计、运营、市场和职能几大类中选择适合你的。建议刚毕业的普通大学生，尽量进那些互联网+传统行业的公司，因为这就是未来！未来将很少有纯互联网技术公司，也很少有纯粹的传统行业，互联网必定融合和改变几乎所有的行业！', '并行操作回调形参编程', '', '百度',
			'', '', '2018-06-17 15:47:27', '8181115131413131713', '7f99D@outlook.com', '2018-06-17', 3
		);
		insert into info values(
			130, '运维', 6798, 3, '任何专业和岗位都可以，理工类更好，由互联网其他岗位转岗也很多。你不需要会写代码，但是要懂一些基本原理。不管你是内向还是外向都OK，只要你热爱互联网，拥有一个做出好产品的心，你都可以试试。', '面向过程一维数组子类布尔过程', '', '谷歌中国',
			'', '', '2018-06-17 15:47:27', '3131712161915161017', '12EDf@163.com', '2018-06-17', 8
		);
		insert into info values(
			131, '运维', 7705, 5, '技术类职位依然是大多数互联网公司的主力军，很多公司的研发人员都占半数以上。与此同时，技术类职位是各阶段薪资最高的工种。技术类职位是专业度较高的职业，除了大学对口专业输出，市面上的培训机构输出也占半壁江山，现阶段培训机构的人才越来越不受欢迎，只能靠伪造简历找工作！技术类岗位需求量还是相当大，不过大多数企业都喜欢有经验技术好的工程师。', '进程测量范围层次网参与者', '', '百度',
			'', '', '2018-06-17 15:47:27', '5141519131912141218', 'e614a@qq.com', '2018-06-17', 1
		);
		insert into info values(
			132, '开发', 6260, 5, '整个互联网行业是建立在计算机技术开发的基础之上，因此该行业对于技术类人才的需求占了45%左右。然而现在的互联网产品模仿非常严重，新产品上线不久往往就有很多的竞争者，加之现在的互联网产品中技术越来越不能成为其壁垒，那么，除了产品自身优秀外，市场和运营的作用就非常关键，可以说决定着产品的前途和命运。所以我们从下图可以看到，互联网行业对于市场和运营的人才需求比例也非常大。从排在前三类职位的细分职业来看，互联网行业对研发工程师，销售人员，运营专员的需求分别占了各自所属类别职位的一半以上。', '常量抽象有序关联备份与恢复', '', '网易',
			'', '', '2018-06-17 15:47:27', '6161111181017131616', '55eEC@qq.com', '2018-06-17', 7
		);
		insert into info values(
			133, '开发', 6513, 7, '互联网无疑是当今最热门的行业，这个行业高薪资的背后也是大量的加班和激烈的竞争！你是做互联网的吗？你准备做互联网吗？互联网不止是技术，也没有那么高大上，只要你想，就努力试试吧。在产品、技术、设计、运营、市场和职能几大类中选择适合你的。建议刚毕业的普通大学生，尽量进那些互联网+传统行业的公司，因为这就是未来！未来将很少有纯互联网技术公司，也很少有纯粹的传统行业，互联网必定融合和改变几乎所有的行业！', '状态图覆盖编码人工智能', '', '百度',
			'', '', '2018-06-17 15:47:27', '2131310151919181916', '5cb1A@qq.com', '2018-06-17', 1
		);
		insert into info values(
			134, '设计', 6113, 4, '技术类职位依然是大多数互联网公司的主力军，很多公司的研发人员都占半数以上。与此同时，技术类职位是各阶段薪资最高的工种。技术类职位是专业度较高的职业，除了大学对口专业输出，市面上的培训机构输出也占半壁江山，现阶段培训机构的人才越来越不受欢迎，只能靠伪造简历找工作！技术类岗位需求量还是相当大，不过大多数企业都喜欢有经验技术好的工程师。', '备份与恢复保留内存协作图并发控制', '', '百度',
			'', '', '2018-06-17 15:47:27', '7121418141014191015', '01359@qq.com', '2018-06-17', 7
		);
		insert into info values(
			135, '开发', 7152, 4, '技术类职位依然是大多数互联网公司的主力军，很多公司的研发人员都占半数以上。与此同时，技术类职位是各阶段薪资最高的工种。技术类职位是专业度较高的职业，除了大学对口专业输出，市面上的培训机构输出也占半壁江山，现阶段培训机构的人才越来越不受欢迎，只能靠伪造简历找工作！技术类岗位需求量还是相当大，不过大多数企业都喜欢有经验技术好的工程师。', '变焦办公活动边缘测试离线的', '', '阿里巴巴',
			'', '', '2018-06-17 15:47:27', '8171314111912121213', '44e72@qq.com', '2018-06-17', 3
		);
		insert into info values(
			136, '测试', 6614, 1, '技术类职位依然是大多数互联网公司的主力军，很多公司的研发人员都占半数以上。与此同时，技术类职位是各阶段薪资最高的工种。技术类职位是专业度较高的职业，除了大学对口专业输出，市面上的培训机构输出也占半壁江山，现阶段培训机构的人才越来越不受欢迎，只能靠伪造简历找工作！技术类岗位需求量还是相当大，不过大多数企业都喜欢有经验技术好的工程师。', '报文交换编辑器变换分析计算机', '', '阿里巴巴',
			'', '', '2018-06-17 15:47:27', '0181919171917181518', '55A0a@outlook.com', '2018-06-17', 3
		);
		insert into info values(
			137, '开发', 7994, 8, '整个互联网行业是建立在计算机技术开发的基础之上，因此该行业对于技术类人才的需求占了45%左右。然而现在的互联网产品模仿非常严重，新产品上线不久往往就有很多的竞争者，加之现在的互联网产品中技术越来越不能成为其壁垒，那么，除了产品自身优秀外，市场和运营的作用就非常关键，可以说决定着产品的前途和命运。所以我们从下图可以看到，互联网行业对于市场和运营的人才需求比例也非常大。从排在前三类职位的细分职业来看，互联网行业对研发工程师，销售人员，运营专员的需求分别占了各自所属类别职位的一半以上。', '测试覆盖补偿网络并联匹配报酬分析', '', '阿里巴巴',
			'', '', '2018-06-17 15:47:27', '2171318121317171510', 'd0b0e@outlook.com', '2018-06-17', 3
		);
		insert into info values(
			138, '测试', 6817, 1, '互联网无疑是当今最热门的行业，这个行业高薪资的背后也是大量的加班和激烈的竞争！你是做互联网的吗？你准备做互联网吗？互联网不止是技术，也没有那么高大上，只要你想，就努力试试吧。在产品、技术、设计、运营、市场和职能几大类中选择适合你的。建议刚毕业的普通大学生，尽量进那些互联网+传统行业的公司，因为这就是未来！未来将很少有纯互联网技术公司，也很少有纯粹的传统行业，互联网必定融合和改变几乎所有的行业！', '高吞吐版本升级捕获报文', '', '网易',
			'', '', '2018-06-17 15:47:27', '0171012191417171817', '7a7F5@outlook.com', '2018-06-17', 8
		);
		insert into info values(
			139, '设计', 6659, 9, '技术类职位依然是大多数互联网公司的主力军，很多公司的研发人员都占半数以上。与此同时，技术类职位是各阶段薪资最高的工种。技术类职位是专业度较高的职业，除了大学对口专业输出，市面上的培训机构输出也占半壁江山，现阶段培训机构的人才越来越不受欢迎，只能靠伪造简历找工作！技术类岗位需求量还是相当大，不过大多数企业都喜欢有经验技术好的工程师。', '雪崩不重性并行传输无符号', '', '阿里巴巴',
			'', '', '2018-06-17 15:47:27', '8121719191817161015', '0f5Ae@outlook.com', '2018-06-17', 1
		);
		insert into info values(
			140, '运维', 7570, 1, '整个互联网行业是建立在计算机技术开发的基础之上，因此该行业对于技术类人才的需求占了45%左右。然而现在的互联网产品模仿非常严重，新产品上线不久往往就有很多的竞争者，加之现在的互联网产品中技术越来越不能成为其壁垒，那么，除了产品自身优秀外，市场和运营的作用就非常关键，可以说决定着产品的前途和命运。所以我们从下图可以看到，互联网行业对于市场和运营的人才需求比例也非常大。从排在前三类职位的细分职业来看，互联网行业对研发工程师，销售人员，运营专员的需求分别占了各自所属类别职位的一半以上。', '不完全排错别名哈希表局部变量', '', '阿里巴巴',
			'', '', '2018-06-17 15:47:27', '7101115101619111319', 'BE727@gmail.com', '2018-06-17', 2
		);
		insert into info values(
			141, '设计', 6357, 4, '互联网无疑是当今最热门的行业，这个行业高薪资的背后也是大量的加班和激烈的竞争！你是做互联网的吗？你准备做互联网吗？互联网不止是技术，也没有那么高大上，只要你想，就努力试试吧。在产品、技术、设计、运营、市场和职能几大类中选择适合你的。建议刚毕业的普通大学生，尽量进那些互联网+传统行业的公司，因为这就是未来！未来将很少有纯互联网技术公司，也很少有纯粹的传统行业，互联网必定融合和改变几乎所有的行业！', '状态图多态补偿多线程', '', '网易',
			'', '', '2018-06-17 15:47:27', '7151313181210141413', '13E95@gmail.com', '2018-06-17', 4
		);
		insert into info values(
			142, '设计', 7863, 2, '整个互联网行业是建立在计算机技术开发的基础之上，因此该行业对于技术类人才的需求占了45%左右。然而现在的互联网产品模仿非常严重，新产品上线不久往往就有很多的竞争者，加之现在的互联网产品中技术越来越不能成为其壁垒，那么，除了产品自身优秀外，市场和运营的作用就非常关键，可以说决定着产品的前途和命运。所以我们从下图可以看到，互联网行业对于市场和运营的人才需求比例也非常大。从排在前三类职位的细分职业来看，互联网行业对研发工程师，销售人员，运营专员的需求分别占了各自所属类别职位的一半以上。', '适配器版本号冒烟编址', '', '阿里巴巴',
			'', '', '2018-06-17 15:47:27', '0131816181412101119', 'B5b43@163.com', '2018-06-17', 6
		);
		insert into info values(
			143, '开发', 6181, 1, '互联网无疑是当今最热门的行业，这个行业高薪资的背后也是大量的加班和激烈的竞争！你是做互联网的吗？你准备做互联网吗？互联网不止是技术，也没有那么高大上，只要你想，就努力试试吧。在产品、技术、设计、运营、市场和职能几大类中选择适合你的。建议刚毕业的普通大学生，尽量进那些互联网+传统行业的公司，因为这就是未来！未来将很少有纯互联网技术公司，也很少有纯粹的传统行业，互联网必定融合和改变几乎所有的行业！', '构件图参数传递互联网架构布尔过程', '', '百度',
			'', '', '2018-06-17 15:47:27', '0191715161912141217', '370ad@outlook.com', '2018-06-17', 7
		);
		insert into info values(
			144, '测试', 6018, 8, '整个互联网行业是建立在计算机技术开发的基础之上，因此该行业对于技术类人才的需求占了45%左右。然而现在的互联网产品模仿非常严重，新产品上线不久往往就有很多的竞争者，加之现在的互联网产品中技术越来越不能成为其壁垒，那么，除了产品自身优秀外，市场和运营的作用就非常关键，可以说决定着产品的前途和命运。所以我们从下图可以看到，互联网行业对于市场和运营的人才需求比例也非常大。从排在前三类职位的细分职业来看，互联网行业对研发工程师，销售人员，运营专员的需求分别占了各自所属类别职位的一半以上。', '预定义并联匹配变换规则不等长编码', '', '百度',
			'', '', '2018-06-17 15:47:27', '5171719111116151217', 'b02Aa@outlook.com', '2018-06-17', 5
		);
		insert into info values(
			145, '测试', 6503, 4, '互联网无疑是当今最热门的行业，这个行业高薪资的背后也是大量的加班和激烈的竞争！你是做互联网的吗？你准备做互联网吗？互联网不止是技术，也没有那么高大上，只要你想，就努力试试吧。在产品、技术、设计、运营、市场和职能几大类中选择适合你的。建议刚毕业的普通大学生，尽量进那些互联网+传统行业的公司，因为这就是未来！未来将很少有纯互联网技术公司，也很少有纯粹的传统行业，互联网必定融合和改变几乎所有的行业！', '云计算缺省构造型别名分析', '', '百度',
			'', '', '2018-06-17 15:47:27', '8151418111918111119', '6856a@outlook.com', '2018-06-17', 10
		);
		insert into info values(
			146, '开发', 6368, 5, '互联网无疑是当今最热门的行业，这个行业高薪资的背后也是大量的加班和激烈的竞争！你是做互联网的吗？你准备做互联网吗？互联网不止是技术，也没有那么高大上，只要你想，就努力试试吧。在产品、技术、设计、运营、市场和职能几大类中选择适合你的。建议刚毕业的普通大学生，尽量进那些互联网+传统行业的公司，因为这就是未来！未来将很少有纯互联网技术公司，也很少有纯粹的传统行业，互联网必定融合和改变几乎所有的行业！', '处理函数被调用者饼形图博弈树搜索', '', '网易',
			'', '', '2018-06-17 15:47:27', '8151317121719111211', '80BcE@outlook.com', '2018-06-17', 4
		);
		insert into info values(
			147, '测试', 6760, 7, '互联网无疑是当今最热门的行业，这个行业高薪资的背后也是大量的加班和激烈的竞争！你是做互联网的吗？你准备做互联网吗？互联网不止是技术，也没有那么高大上，只要你想，就努力试试吧。在产品、技术、设计、运营、市场和职能几大类中选择适合你的。建议刚毕业的普通大学生，尽量进那些互联网+传统行业的公司，因为这就是未来！未来将很少有纯互联网技术公司，也很少有纯粹的传统行业，互联网必定融合和改变几乎所有的行业！', '修饰符实例名阀值位址空间', '', '阿里巴巴',
			'', '', '2018-06-17 15:47:27', '8191418121813151112', '66D9D@qq.com', '2018-06-17', 9
		);
		insert into info values(
			148, '运维', 6773, 10, '近几年最被热捧的职位，李开复说它是CEO的学前班，最有代表性的人物是乔布斯和张小龙。产品经理这个职位确实很重要，产品每次迭代是什么样很大程度上都是产品经理决定的！但是市场上绝大多数产品经理都是不称职的，不乏滥竽充数之辈，但是这也和这个职业刚出现不久有很大关系。', '并行计算域名解析并行计算', '', '百度',
			'', '', '2018-06-17 15:47:27', '9101519171214111511', 'B49c8@163.com', '2018-06-17', 9
		);
		insert into info values(
			149, '开发', 6912, 3, '互联网无疑是当今最热门的行业，这个行业高薪资的背后也是大量的加班和激烈的竞争！你是做互联网的吗？你准备做互联网吗？互联网不止是技术，也没有那么高大上，只要你想，就努力试试吧。在产品、技术、设计、运营、市场和职能几大类中选择适合你的。建议刚毕业的普通大学生，尽量进那些互联网+传统行业的公司，因为这就是未来！未来将很少有纯互联网技术公司，也很少有纯粹的传统行业，互联网必定融合和改变几乎所有的行业！', '解析顺序存储用户界面安全控制', '', '百度',
			'', '', '2018-06-17 15:47:27', '8151617151710171010', 'fE396@gmail.com', '2018-06-17', 7
		);
		insert into info values(
			150, '运维', 6573, 2, '任何专业和岗位都可以，理工类更好，由互联网其他岗位转岗也很多。你不需要会写代码，但是要懂一些基本原理。不管你是内向还是外向都OK，只要你热爱互联网，拥有一个做出好产品的心，你都可以试试。', '应用程序边缘触发采样同步', '', '网易',
			'', '', '2018-06-17 15:47:27', '5181015191512151813', '7E355@gmail.com', '2018-06-17', 1
		);
		insert into info values(
			151, '设计', 6822, 6, '任何专业和岗位都可以，理工类更好，由互联网其他岗位转岗也很多。你不需要会写代码，但是要懂一些基本原理。不管你是内向还是外向都OK，只要你热爱互联网，拥有一个做出好产品的心，你都可以试试。', '缓冲一致性采样方式预定义测试有效性', '', '网易',
			'', '', '2018-06-17 15:47:27', '9121213131410181515', '53EA5@gmail.com', '2018-06-17', 8
		);
		insert into info values(
			152, '设计', 7995, 8, '随着信息技术的快速发展，编程语言的不断更新，程序员需要不断自我学习，不断创新吸收，未来的程序开发一定是智能化、定制化、创造化，这也要求了技术岗的从业人员不断保持对工作的激情和热爱。', '委托纯虚方法大数据被调用者', '', '谷歌中国',
			'', '', '2018-06-17 15:47:27', '6131310111114181714', '3e8Dc@163.com', '2018-06-17', 6
		);
		insert into info values(
			153, '测试', 7489, 5, '技术类职位依然是大多数互联网公司的主力军，很多公司的研发人员都占半数以上。与此同时，技术类职位是各阶段薪资最高的工种。技术类职位是专业度较高的职业，除了大学对口专业输出，市面上的培训机构输出也占半壁江山，现阶段培训机构的人才越来越不受欢迎，只能靠伪造简历找工作！技术类岗位需求量还是相当大，不过大多数企业都喜欢有经验技术好的工程师。', '离线的哈希表参数参考码', '', '百度',
			'', '', '2018-06-17 15:47:27', '5131115121516151817', '83E19@gmail.com', '2018-06-17', 10
		);
		insert into info values(
			154, '测试', 6582, 1, '随着信息技术的快速发展，编程语言的不断更新，程序员需要不断自我学习，不断创新吸收，未来的程序开发一定是智能化、定制化、创造化，这也要求了技术岗的从业人员不断保持对工作的激情和热爱。', '边界错误不确定知识分辨率遍历', '', '阿里巴巴',
			'', '', '2018-06-17 15:47:27', '1181414121216121116', 'fee58@163.com', '2018-06-17', 10
		);
		insert into info values(
			155, '设计', 6568, 5, '随着信息技术的快速发展，编程语言的不断更新，程序员需要不断自我学习，不断创新吸收，未来的程序开发一定是智能化、定制化、创造化，这也要求了技术岗的从业人员不断保持对工作的激情和热爱。', '补偿事务识别度层次网常量', '', '网易',
			'', '', '2018-06-17 15:47:27', '4151014131417191813', '4dbEB@outlook.com', '2018-06-17', 1
		);
		insert into info values(
			156, '开发', 6678, 8, '互联网无疑是当今最热门的行业，这个行业高薪资的背后也是大量的加班和激烈的竞争！你是做互联网的吗？你准备做互联网吗？互联网不止是技术，也没有那么高大上，只要你想，就努力试试吧。在产品、技术、设计、运营、市场和职能几大类中选择适合你的。建议刚毕业的普通大学生，尽量进那些互联网+传统行业的公司，因为这就是未来！未来将很少有纯互联网技术公司，也很少有纯粹的传统行业，互联网必定融合和改变几乎所有的行业！', '测试设备存储过程安全套接层局部变量', '', '阿里巴巴',
			'', '', '2018-06-17 15:47:27', '0171011141314111316', '95e52@163.com', '2018-06-17', 0
		);
		insert into info values(
			157, '测试', 7198, 10, '整个互联网行业是建立在计算机技术开发的基础之上，因此该行业对于技术类人才的需求占了45%左右。然而现在的互联网产品模仿非常严重，新产品上线不久往往就有很多的竞争者，加之现在的互联网产品中技术越来越不能成为其壁垒，那么，除了产品自身优秀外，市场和运营的作用就非常关键，可以说决定着产品的前途和命运。所以我们从下图可以看到，互联网行业对于市场和运营的人才需求比例也非常大。从排在前三类职位的细分职业来看，互联网行业对研发工程师，销售人员，运营专员的需求分别占了各自所属类别职位的一半以上。', '委托整型边缘增强总线', '', '阿里巴巴',
			'', '', '2018-06-17 15:47:27', '1111118151217111113', '23aA7@163.com', '2018-06-17', 8
		);
		insert into info values(
			158, '开发', 6496, 2, '随着信息技术的快速发展，编程语言的不断更新，程序员需要不断自我学习，不断创新吸收，未来的程序开发一定是智能化、定制化、创造化，这也要求了技术岗的从业人员不断保持对工作的激情和热爱。', '不完全数据加密高可用性并行联结', '', '网易',
			'', '', '2018-06-17 15:47:27', '3151219151815111811', 'AAec0@outlook.com', '2018-06-17', 3
		);
		insert into info values(
			159, '设计', 7820, 6, '整个互联网行业是建立在计算机技术开发的基础之上，因此该行业对于技术类人才的需求占了45%左右。然而现在的互联网产品模仿非常严重，新产品上线不久往往就有很多的竞争者，加之现在的互联网产品中技术越来越不能成为其壁垒，那么，除了产品自身优秀外，市场和运营的作用就非常关键，可以说决定着产品的前途和命运。所以我们从下图可以看到，互联网行业对于市场和运营的人才需求比例也非常大。从排在前三类职位的细分职业来看，互联网行业对研发工程师，销售人员，运营专员的需求分别占了各自所属类别职位的一半以上。', '超链接编码表示类变量二分查找', '', '阿里巴巴',
			'', '', '2018-06-17 15:47:27', '1101611181212181813', '055Ff@163.com', '2018-06-17', 0
		);
		insert into info values(
			160, '测试', 7074, 3, '近几年最被热捧的职位，李开复说它是CEO的学前班，最有代表性的人物是乔布斯和张小龙。产品经理这个职位确实很重要，产品每次迭代是什么样很大程度上都是产品经理决定的！但是市场上绝大多数产品经理都是不称职的，不乏滥竽充数之辈，但是这也和这个职业刚出现不久有很大关系。', '变址安全策略测试规约数据包', '', '阿里巴巴',
			'', '', '2018-06-17 15:47:27', '6181618151517121615', 'Ad93d@163.com', '2018-06-17', 5
		);
		insert into info values(
			161, '运维', 6491, 3, '随着信息技术的快速发展，编程语言的不断更新，程序员需要不断自我学习，不断创新吸收，未来的程序开发一定是智能化、定制化、创造化，这也要求了技术岗的从业人员不断保持对工作的激情和热爱。', '解密分组协议版本号安全控制', '', '阿里巴巴',
			'', '', '2018-06-17 15:47:27', '5121619131112151413', 'Cb8E0@163.com', '2018-06-17', 9
		);
		insert into info values(
			162, '开发', 7594, 7, '随着信息技术的快速发展，编程语言的不断更新，程序员需要不断自我学习，不断创新吸收，未来的程序开发一定是智能化、定制化、创造化，这也要求了技术岗的从业人员不断保持对工作的激情和热爱。', '不确定知识报文捕获博弈图指针', '', '网易',
			'', '', '2018-06-17 15:47:27', '4171215111412131519', '2a4Bf@163.com', '2018-06-17', 8
		);
		insert into info values(
			163, '开发', 6395, 10, '整个互联网行业是建立在计算机技术开发的基础之上，因此该行业对于技术类人才的需求占了45%左右。然而现在的互联网产品模仿非常严重，新产品上线不久往往就有很多的竞争者，加之现在的互联网产品中技术越来越不能成为其壁垒，那么，除了产品自身优秀外，市场和运营的作用就非常关键，可以说决定着产品的前途和命运。所以我们从下图可以看到，互联网行业对于市场和运营的人才需求比例也非常大。从排在前三类职位的细分职业来看，互联网行业对研发工程师，销售人员，运营专员的需求分别占了各自所属类别职位的一半以上。', '数组输出不可逆加密编译期', '', '网易',
			'', '', '2018-06-17 15:47:27', '3151213101210111915', 'bFE5A@outlook.com', '2018-06-17', 2
		);
		insert into info values(
			164, '测试', 6060, 1, '技术类职位依然是大多数互联网公司的主力军，很多公司的研发人员都占半数以上。与此同时，技术类职位是各阶段薪资最高的工种。技术类职位是专业度较高的职业，除了大学对口专业输出，市面上的培训机构输出也占半壁江山，现阶段培训机构的人才越来越不受欢迎，只能靠伪造简历找工作！技术类岗位需求量还是相当大，不过大多数企业都喜欢有经验技术好的工程师。', '变换规则异常被动威胁边界建模', '', '百度',
			'', '', '2018-06-17 15:47:27', '7141315111416111114', '266E4@163.com', '2018-06-17', 6
		);
		insert into info values(
			165, '运维', 7445, 4, '整个互联网行业是建立在计算机技术开发的基础之上，因此该行业对于技术类人才的需求占了45%左右。然而现在的互联网产品模仿非常严重，新产品上线不久往往就有很多的竞争者，加之现在的互联网产品中技术越来越不能成为其壁垒，那么，除了产品自身优秀外，市场和运营的作用就非常关键，可以说决定着产品的前途和命运。所以我们从下图可以看到，互联网行业对于市场和运营的人才需求比例也非常大。从排在前三类职位的细分职业来看，互联网行业对研发工程师，销售人员，运营专员的需求分别占了各自所属类别职位的一半以上。', '编程参考帧非线性链表有符号', '', '谷歌中国',
			'', '', '2018-06-17 15:47:27', '9181019181011111212', 'B2CAb@outlook.com', '2018-06-17', 10
		);
		insert into info values(
			166, '开发', 7120, 8, '随着信息技术的快速发展，编程语言的不断更新，程序员需要不断自我学习，不断创新吸收，未来的程序开发一定是智能化、定制化、创造化，这也要求了技术岗的从业人员不断保持对工作的激情和热爱。', '不确定推理初始化螺旋模型多维数组', '', '谷歌中国',
			'', '', '2018-06-17 15:47:27', '1111117151816181916', 'acAE6@gmail.com', '2018-06-17', 1
		);
		insert into info values(
			167, '运维', 7056, 1, '整个互联网行业是建立在计算机技术开发的基础之上，因此该行业对于技术类人才的需求占了45%左右。然而现在的互联网产品模仿非常严重，新产品上线不久往往就有很多的竞争者，加之现在的互联网产品中技术越来越不能成为其壁垒，那么，除了产品自身优秀外，市场和运营的作用就非常关键，可以说决定着产品的前途和命运。所以我们从下图可以看到，互联网行业对于市场和运营的人才需求比例也非常大。从排在前三类职位的细分职业来看，互联网行业对研发工程师，销售人员，运营专员的需求分别占了各自所属类别职位的一半以上。', '安全内核低时延缓冲一致性测试规约', '', '网易',
			'', '', '2018-06-17 15:47:27', '2131113141819181319', 'd1A2F@163.com', '2018-06-17', 3
		);
		insert into info values(
			168, '运维', 6780, 9, '互联网无疑是当今最热门的行业，这个行业高薪资的背后也是大量的加班和激烈的竞争！你是做互联网的吗？你准备做互联网吗？互联网不止是技术，也没有那么高大上，只要你想，就努力试试吧。在产品、技术、设计、运营、市场和职能几大类中选择适合你的。建议刚毕业的普通大学生，尽量进那些互联网+传统行业的公司，因为这就是未来！未来将很少有纯互联网技术公司，也很少有纯粹的传统行业，互联网必定融合和改变几乎所有的行业！', '成员变量领域模型版本管理多进程', '', '网易',
			'', '', '2018-06-17 15:47:27', '7141416161011101618', 'ed621@qq.com', '2018-06-17', 6
		);
		insert into info values(
			169, '开发', 6440, 4, '技术类职位依然是大多数互联网公司的主力军，很多公司的研发人员都占半数以上。与此同时，技术类职位是各阶段薪资最高的工种。技术类职位是专业度较高的职业，除了大学对口专业输出，市面上的培训机构输出也占半壁江山，现阶段培训机构的人才越来越不受欢迎，只能靠伪造简历找工作！技术类岗位需求量还是相当大，不过大多数企业都喜欢有经验技术好的工程师。', '形参数据包冒烟测试中断请求', '', '谷歌中国',
			'', '', '2018-06-17 15:47:27', '8101319141412191919', '7d5bB@qq.com', '2018-06-17', 1
		);
		insert into info values(
			170, '运维', 7458, 4, '技术类职位依然是大多数互联网公司的主力军，很多公司的研发人员都占半数以上。与此同时，技术类职位是各阶段薪资最高的工种。技术类职位是专业度较高的职业，除了大学对口专业输出，市面上的培训机构输出也占半壁江山，现阶段培训机构的人才越来越不受欢迎，只能靠伪造简历找工作！技术类岗位需求量还是相当大，不过大多数企业都喜欢有经验技术好的工程师。', '集成开发环境破密多线程并发公理', '', '百度',
			'', '', '2018-06-17 15:47:27', '1161717161119151716', '3Fe9E@qq.com', '2018-06-17', 2
		);
		insert into info values(
			171, '运维', 7808, 8, '整个互联网行业是建立在计算机技术开发的基础之上，因此该行业对于技术类人才的需求占了45%左右。然而现在的互联网产品模仿非常严重，新产品上线不久往往就有很多的竞争者，加之现在的互联网产品中技术越来越不能成为其壁垒，那么，除了产品自身优秀外，市场和运营的作用就非常关键，可以说决定着产品的前途和命运。所以我们从下图可以看到，互联网行业对于市场和运营的人才需求比例也非常大。从排在前三类职位的细分职业来看，互联网行业对研发工程师，销售人员，运营专员的需求分别占了各自所属类别职位的一半以上。', '声明式事务病毒签名计算机测试运行', '', '网易',
			'', '', '2018-06-17 15:47:27', '9131016151319141415', '8bd5C@gmail.com', '2018-06-17', 5
		);
		insert into info values(
			172, '测试', 6237, 5, '近几年最被热捧的职位，李开复说它是CEO的学前班，最有代表性的人物是乔布斯和张小龙。产品经理这个职位确实很重要，产品每次迭代是什么样很大程度上都是产品经理决定的！但是市场上绝大多数产品经理都是不称职的，不乏滥竽充数之辈，但是这也和这个职业刚出现不久有很大关系。', '参数化设计汇编语言备用命名空间', '', '阿里巴巴',
			'', '', '2018-06-17 15:47:27', '5181016171315181619', '4d536@gmail.com', '2018-06-17', 3
		);
		insert into info values(
			173, '设计', 6475, 6, '技术类职位依然是大多数互联网公司的主力军，很多公司的研发人员都占半数以上。与此同时，技术类职位是各阶段薪资最高的工种。技术类职位是专业度较高的职业，除了大学对口专业输出，市面上的培训机构输出也占半壁江山，现阶段培训机构的人才越来越不受欢迎，只能靠伪造简历找工作！技术类岗位需求量还是相当大，不过大多数企业都喜欢有经验技术好的工程师。', '饼形图参照完整性具体的访问器', '', '网易',
			'', '', '2018-06-17 15:47:27', '9131417151815121919', '55809@outlook.com', '2018-06-17', 3
		);
		insert into info values(
			174, '开发', 7215, 7, '互联网无疑是当今最热门的行业，这个行业高薪资的背后也是大量的加班和激烈的竞争！你是做互联网的吗？你准备做互联网吗？互联网不止是技术，也没有那么高大上，只要你想，就努力试试吧。在产品、技术、设计、运营、市场和职能几大类中选择适合你的。建议刚毕业的普通大学生，尽量进那些互联网+传统行业的公司，因为这就是未来！未来将很少有纯互联网技术公司，也很少有纯粹的传统行业，互联网必定融合和改变几乎所有的行业！', '应用程序本地地址编码字符集多任务', '', '阿里巴巴',
			'', '', '2018-06-17 15:47:27', '7171911151916111014', 'fC2F5@outlook.com', '2018-06-17', 1
		);
		insert into info values(
			175, '运维', 7381, 5, '互联网无疑是当今最热门的行业，这个行业高薪资的背后也是大量的加班和激烈的竞争！你是做互联网的吗？你准备做互联网吗？互联网不止是技术，也没有那么高大上，只要你想，就努力试试吧。在产品、技术、设计、运营、市场和职能几大类中选择适合你的。建议刚毕业的普通大学生，尽量进那些互联网+传统行业的公司，因为这就是未来！未来将很少有纯互联网技术公司，也很少有纯粹的传统行业，互联网必定融合和改变几乎所有的行业！', '参数传递保留内存并行联结包过滤', '', '网易',
			'', '', '2018-06-17 15:47:27', '7131614101712151819', 'fce16@gmail.com', '2018-06-17', 1
		);
		insert into info values(
			176, '运维', 7910, 9, '近几年最被热捧的职位，李开复说它是CEO的学前班，最有代表性的人物是乔布斯和张小龙。产品经理这个职位确实很重要，产品每次迭代是什么样很大程度上都是产品经理决定的！但是市场上绝大多数产品经理都是不称职的，不乏滥竽充数之辈，但是这也和这个职业刚出现不久有很大关系。', '并发关系存取类变量顺序存储', '', '谷歌中国',
			'', '', '2018-06-17 15:47:27', '8171315131812161911', 'aD87E@qq.com', '2018-06-17', 6
		);
		insert into info values(
			177, '设计', 7015, 1, '整个互联网行业是建立在计算机技术开发的基础之上，因此该行业对于技术类人才的需求占了45%左右。然而现在的互联网产品模仿非常严重，新产品上线不久往往就有很多的竞争者，加之现在的互联网产品中技术越来越不能成为其壁垒，那么，除了产品自身优秀外，市场和运营的作用就非常关键，可以说决定着产品的前途和命运。所以我们从下图可以看到，互联网行业对于市场和运营的人才需求比例也非常大。从排在前三类职位的细分职业来看，互联网行业对研发工程师，销售人员，运营专员的需求分别占了各自所属类别职位的一半以上。', '返回类型预定义布尔过程应用程序', '', '谷歌中国',
			'', '', '2018-06-17 15:47:27', '7131218171918151611', 'd6E51@163.com', '2018-06-17', 0
		);
		insert into info values(
			178, '测试', 6321, 10, '整个互联网行业是建立在计算机技术开发的基础之上，因此该行业对于技术类人才的需求占了45%左右。然而现在的互联网产品模仿非常严重，新产品上线不久往往就有很多的竞争者，加之现在的互联网产品中技术越来越不能成为其壁垒，那么，除了产品自身优秀外，市场和运营的作用就非常关键，可以说决定着产品的前途和命运。所以我们从下图可以看到，互联网行业对于市场和运营的人才需求比例也非常大。从排在前三类职位的细分职业来看，互联网行业对研发工程师，销售人员，运营专员的需求分别占了各自所属类别职位的一半以上。', '并发变迁高速缓存测试例程并发进程', '', '谷歌中国',
			'', '', '2018-06-17 15:47:27', '5191416151817111719', 'b5B74@gmail.com', '2018-06-17', 1
		);
		insert into info values(
			179, '测试', 6884, 5, '互联网无疑是当今最热门的行业，这个行业高薪资的背后也是大量的加班和激烈的竞争！你是做互联网的吗？你准备做互联网吗？互联网不止是技术，也没有那么高大上，只要你想，就努力试试吧。在产品、技术、设计、运营、市场和职能几大类中选择适合你的。建议刚毕业的普通大学生，尽量进那些互联网+传统行业的公司，因为这就是未来！未来将很少有纯互联网技术公司，也很少有纯粹的传统行业，互联网必定融合和改变几乎所有的行业！', '不等长编码本地终端测量范围并行模拟', '', '百度',
			'', '', '2018-06-17 15:47:27', '8171416111311161317', '91031@outlook.com', '2018-06-17', 0
		);
		insert into info values(
			180, '运维', 7965, 8, '随着信息技术的快速发展，编程语言的不断更新，程序员需要不断自我学习，不断创新吸收，未来的程序开发一定是智能化、定制化、创造化，这也要求了技术岗的从业人员不断保持对工作的激情和热爱。', '单片机不确定证据二叉树测试环路', '', '谷歌中国',
			'', '', '2018-06-17 15:47:27', '4181910131214161111', 'e0BE5@gmail.com', '2018-06-17', 4
		);
		insert into info values(
			181, '测试', 7655, 3, '整个互联网行业是建立在计算机技术开发的基础之上，因此该行业对于技术类人才的需求占了45%左右。然而现在的互联网产品模仿非常严重，新产品上线不久往往就有很多的竞争者，加之现在的互联网产品中技术越来越不能成为其壁垒，那么，除了产品自身优秀外，市场和运营的作用就非常关键，可以说决定着产品的前途和命运。所以我们从下图可以看到，互联网行业对于市场和运营的人才需求比例也非常大。从排在前三类职位的细分职业来看，互联网行业对研发工程师，销售人员，运营专员的需求分别占了各自所属类别职位的一半以上。', '多进程数据成员初始化备份过程', '', '阿里巴巴',
			'', '', '2018-06-17 15:47:27', '4101411121115181013', 'ABBCF@outlook.com', '2018-06-17', 7
		);
		insert into info values(
			182, '测试', 7479, 10, '技术类职位依然是大多数互联网公司的主力军，很多公司的研发人员都占半数以上。与此同时，技术类职位是各阶段薪资最高的工种。技术类职位是专业度较高的职业，除了大学对口专业输出，市面上的培训机构输出也占半壁江山，现阶段培训机构的人才越来越不受欢迎，只能靠伪造简历找工作！技术类岗位需求量还是相当大，不过大多数企业都喜欢有经验技术好的工程师。', '编译程序边界跟踪局部变量告警', '', '百度',
			'', '', '2018-06-17 15:47:27', '6141813111814191112', 'bcF6e@163.com', '2018-06-17', 3
		);
		insert into info values(
			183, '运维', 7893, 9, '整个互联网行业是建立在计算机技术开发的基础之上，因此该行业对于技术类人才的需求占了45%左右。然而现在的互联网产品模仿非常严重，新产品上线不久往往就有很多的竞争者，加之现在的互联网产品中技术越来越不能成为其壁垒，那么，除了产品自身优秀外，市场和运营的作用就非常关键，可以说决定着产品的前途和命运。所以我们从下图可以看到，互联网行业对于市场和运营的人才需求比例也非常大。从排在前三类职位的细分职业来看，互联网行业对研发工程师，销售人员，运营专员的需求分别占了各自所属类别职位的一半以上。', '进程算术运算符变焦并发模拟', '', '网易',
			'', '', '2018-06-17 15:47:27', '7141618161011171110', '2Cb86@qq.com', '2018-06-17', 9
		);
		insert into info values(
			184, '运维', 7982, 7, '近几年最被热捧的职位，李开复说它是CEO的学前班，最有代表性的人物是乔布斯和张小龙。产品经理这个职位确实很重要，产品每次迭代是什么样很大程度上都是产品经理决定的！但是市场上绝大多数产品经理都是不称职的，不乏滥竽充数之辈，但是这也和这个职业刚出现不久有很大关系。', '采样边缘拟合设计模式并发仿真', '', '网易',
			'', '', '2018-06-17 15:47:27', '8161914161815191513', '49AcA@163.com', '2018-06-17', 2
		);
		insert into info values(
			185, '设计', 6083, 8, '互联网无疑是当今最热门的行业，这个行业高薪资的背后也是大量的加班和激烈的竞争！你是做互联网的吗？你准备做互联网吗？互联网不止是技术，也没有那么高大上，只要你想，就努力试试吧。在产品、技术、设计、运营、市场和职能几大类中选择适合你的。建议刚毕业的普通大学生，尽量进那些互联网+传统行业的公司，因为这就是未来！未来将很少有纯互联网技术公司，也很少有纯粹的传统行业，互联网必定融合和改变几乎所有的行业！', '互联网架构标准输入当且仅当并行端口', '', '谷歌中国',
			'', '', '2018-06-17 15:47:27', '5101017181819171613', '6ad30@gmail.com', '2018-06-17', 8
		);
		insert into info values(
			186, '测试', 7309, 7, '整个互联网行业是建立在计算机技术开发的基础之上，因此该行业对于技术类人才的需求占了45%左右。然而现在的互联网产品模仿非常严重，新产品上线不久往往就有很多的竞争者，加之现在的互联网产品中技术越来越不能成为其壁垒，那么，除了产品自身优秀外，市场和运营的作用就非常关键，可以说决定着产品的前途和命运。所以我们从下图可以看到，互联网行业对于市场和运营的人才需求比例也非常大。从排在前三类职位的细分职业来看，互联网行业对研发工程师，销售人员，运营专员的需求分别占了各自所属类别职位的一半以上。', '标准文件计算机边缘触发边缘拟合', '', '网易',
			'', '', '2018-06-17 15:47:27', '4171711131916151317', 'ad805@qq.com', '2018-06-17', 10
		);
		insert into info values(
			187, '运维', 6178, 3, '整个互联网行业是建立在计算机技术开发的基础之上，因此该行业对于技术类人才的需求占了45%左右。然而现在的互联网产品模仿非常严重，新产品上线不久往往就有很多的竞争者，加之现在的互联网产品中技术越来越不能成为其壁垒，那么，除了产品自身优秀外，市场和运营的作用就非常关键，可以说决定着产品的前途和命运。所以我们从下图可以看到，互联网行业对于市场和运营的人才需求比例也非常大。从排在前三类职位的细分职业来看，互联网行业对研发工程师，销售人员，运营专员的需求分别占了各自所属类别职位的一半以上。', '单线程异常程序子类', '', '百度',
			'', '', '2018-06-17 15:47:27', '9121110111712191914', '0BfFC@163.com', '2018-06-17', 1
		);
		insert into info values(
			188, '设计', 7202, 7, '整个互联网行业是建立在计算机技术开发的基础之上，因此该行业对于技术类人才的需求占了45%左右。然而现在的互联网产品模仿非常严重，新产品上线不久往往就有很多的竞争者，加之现在的互联网产品中技术越来越不能成为其壁垒，那么，除了产品自身优秀外，市场和运营的作用就非常关键，可以说决定着产品的前途和命运。所以我们从下图可以看到，互联网行业对于市场和运营的人才需求比例也非常大。从排在前三类职位的细分职业来看，互联网行业对研发工程师，销售人员，运营专员的需求分别占了各自所属类别职位的一半以上。', '返回值缓冲一致性测试环路实现接口', '', '谷歌中国',
			'', '', '2018-06-17 15:47:27', '9161011171311131613', 'D6A30@qq.com', '2018-06-17', 6
		);
		insert into info values(
			189, '测试', 7704, 7, '技术类职位依然是大多数互联网公司的主力军，很多公司的研发人员都占半数以上。与此同时，技术类职位是各阶段薪资最高的工种。技术类职位是专业度较高的职业，除了大学对口专业输出，市面上的培训机构输出也占半壁江山，现阶段培训机构的人才越来越不受欢迎，只能靠伪造简历找工作！技术类岗位需求量还是相当大，不过大多数企业都喜欢有经验技术好的工程师。', '多进程演化模型元数据版本管理', '', '阿里巴巴',
			'', '', '2018-06-17 15:47:27', '9111219101210121218', 'a2AeB@163.com', '2018-06-17', 4
		);
		insert into info values(
			190, '测试', 6299, 8, '整个互联网行业是建立在计算机技术开发的基础之上，因此该行业对于技术类人才的需求占了45%左右。然而现在的互联网产品模仿非常严重，新产品上线不久往往就有很多的竞争者，加之现在的互联网产品中技术越来越不能成为其壁垒，那么，除了产品自身优秀外，市场和运营的作用就非常关键，可以说决定着产品的前途和命运。所以我们从下图可以看到，互联网行业对于市场和运营的人才需求比例也非常大。从排在前三类职位的细分职业来看，互联网行业对研发工程师，销售人员，运营专员的需求分别占了各自所属类别职位的一半以上。', '层次结构捕获字段标准程序库', '', '百度',
			'', '', '2018-06-17 15:47:27', '0101018111213161919', 'bdbDC@qq.com', '2018-06-17', 10
		);
		insert into info values(
			191, '测试', 7873, 7, '互联网无疑是当今最热门的行业，这个行业高薪资的背后也是大量的加班和激烈的竞争！你是做互联网的吗？你准备做互联网吗？互联网不止是技术，也没有那么高大上，只要你想，就努力试试吧。在产品、技术、设计、运营、市场和职能几大类中选择适合你的。建议刚毕业的普通大学生，尽量进那些互联网+传统行业的公司，因为这就是未来！未来将很少有纯互联网技术公司，也很少有纯粹的传统行业，互联网必定融合和改变几乎所有的行业！', '测试运行存储过程数据结构汇编语言', '', '阿里巴巴',
			'', '', '2018-06-17 15:47:27', '4141213191219161210', '97E86@gmail.com', '2018-06-17', 0
		);
		insert into info values(
			192, '设计', 7252, 2, '随着信息技术的快速发展，编程语言的不断更新，程序员需要不断自我学习，不断创新吸收，未来的程序开发一定是智能化、定制化、创造化，这也要求了技术岗的从业人员不断保持对工作的激情和热爱。', '语句变焦层次网本地代码', '', '百度',
			'', '', '2018-06-17 15:47:27', '3171518111018161413', 'DAF48@qq.com', '2018-06-17', 1
		);
		insert into info values(
			193, '设计', 7237, 5, '整个互联网行业是建立在计算机技术开发的基础之上，因此该行业对于技术类人才的需求占了45%左右。然而现在的互联网产品模仿非常严重，新产品上线不久往往就有很多的竞争者，加之现在的互联网产品中技术越来越不能成为其壁垒，那么，除了产品自身优秀外，市场和运营的作用就非常关键，可以说决定着产品的前途和命运。所以我们从下图可以看到，互联网行业对于市场和运营的人才需求比例也非常大。从排在前三类职位的细分职业来看，互联网行业对研发工程师，销售人员，运营专员的需求分别占了各自所属类别职位的一半以上。', '任务切换变换规则高吞吐编译类型', '', '阿里巴巴',
			'', '', '2018-06-17 15:47:27', '7111516181714151913', '9246e@outlook.com', '2018-06-17', 9
		);
		insert into info values(
			194, '设计', 6164, 8, '随着信息技术的快速发展，编程语言的不断更新，程序员需要不断自我学习，不断创新吸收，未来的程序开发一定是智能化、定制化、创造化，这也要求了技术岗的从业人员不断保持对工作的激情和热爱。', '变度边缘聚焦部件拆分博弈树搜索', '', '网易',
			'', '', '2018-06-17 15:47:27', '1161415111014161916', '62FD7@qq.com', '2018-06-17', 10
		);
		insert into info values(
			195, '设计', 6425, 2, '互联网无疑是当今最热门的行业，这个行业高薪资的背后也是大量的加班和激烈的竞争！你是做互联网的吗？你准备做互联网吗？互联网不止是技术，也没有那么高大上，只要你想，就努力试试吧。在产品、技术、设计、运营、市场和职能几大类中选择适合你的。建议刚毕业的普通大学生，尽量进那些互联网+传统行业的公司，因为这就是未来！未来将很少有纯互联网技术公司，也很少有纯粹的传统行业，互联网必定融合和改变几乎所有的行业！', '并行计算层次模型枚举成员部件拆分', '', '阿里巴巴',
			'', '', '2018-06-17 15:47:27', '1111712121017161118', '51Ddd@gmail.com', '2018-06-17', 4
		);
		insert into info values(
			196, '测试', 7614, 9, '随着信息技术的快速发展，编程语言的不断更新，程序员需要不断自我学习，不断创新吸收，未来的程序开发一定是智能化、定制化、创造化，这也要求了技术岗的从业人员不断保持对工作的激情和热爱。', '分布式计算伪变量边缘调整部件拆分', '', '谷歌中国',
			'', '', '2018-06-17 15:47:27', '9191211141018171512', 'bB8cf@qq.com', '2018-06-17', 1
		);
		insert into info values(
			197, '运维', 6704, 9, '技术类职位依然是大多数互联网公司的主力军，很多公司的研发人员都占半数以上。与此同时，技术类职位是各阶段薪资最高的工种。技术类职位是专业度较高的职业，除了大学对口专业输出，市面上的培训机构输出也占半壁江山，现阶段培训机构的人才越来越不受欢迎，只能靠伪造简历找工作！技术类岗位需求量还是相当大，不过大多数企业都喜欢有经验技术好的工程师。', '字节类层次边界表示博弈图', '', '网易',
			'', '', '2018-06-17 15:47:27', '0141411191316191419', 'ec5A7@163.com', '2018-06-17', 1
		);
		insert into info values(
			198, '设计', 6954, 4, '互联网无疑是当今最热门的行业，这个行业高薪资的背后也是大量的加班和激烈的竞争！你是做互联网的吗？你准备做互联网吗？互联网不止是技术，也没有那么高大上，只要你想，就努力试试吧。在产品、技术、设计、运营、市场和职能几大类中选择适合你的。建议刚毕业的普通大学生，尽量进那些互联网+传统行业的公司，因为这就是未来！未来将很少有纯互联网技术公司，也很少有纯粹的传统行业，互联网必定融合和改变几乎所有的行业！', '别名扩展点测试语言采样方式', '', '百度',
			'', '', '2018-06-17 15:47:27', '4171313111516121116', '717ba@outlook.com', '2018-06-17', 7
		);
		insert into info values(
			199, '设计', 6733, 8, '随着信息技术的快速发展，编程语言的不断更新，程序员需要不断自我学习，不断创新吸收，未来的程序开发一定是智能化、定制化、创造化，这也要求了技术岗的从业人员不断保持对工作的激情和热爱。', '面向对象标准中断调试离线的', '', '百度',
			'', '', '2018-06-17 15:47:27', '5131013191817171718', '0BfdE@gmail.com', '2018-06-17', 0
		);
			insert into info_label values(
				100, 'Guangzhou'
			);
			insert into info_label values(
				100, 'Python'
			);
			insert into info_label values(
				101, 'Game'
			);
			insert into info_label values(
				101, 'C/C++'
			);
			insert into info_label values(
				102, 'Guangzhou'
			);
			insert into info_label values(
				102, 'Software'
			);
			insert into info_label values(
				103, 'Guangzhou'
			);
			insert into info_label values(
				103, 'C/C++'
			);
			insert into info_label values(
				104, 'Guangzhou'
			);
			insert into info_label values(
				104, 'Dev'
			);
			insert into info_label values(
				105, 'Dev'
			);
			insert into info_label values(
				105, 'Web'
			);
			insert into info_label values(
				106, 'Web'
			);
			insert into info_label values(
				106, 'Software'
			);
			insert into info_label values(
				107, 'Guangzhou'
			);
			insert into info_label values(
				107, 'Game'
			);
			insert into info_label values(
				108, 'C/C++'
			);
			insert into info_label values(
				108, 'Web'
			);
			insert into info_label values(
				109, 'Dev'
			);
			insert into info_label values(
				109, 'Python'
			);
			insert into info_label values(
				110, 'C/C++'
			);
			insert into info_label values(
				110, 'Dev'
			);
			insert into info_label values(
				111, 'Game'
			);
			insert into info_label values(
				111, 'Web'
			);
			insert into info_label values(
				112, 'Dev'
			);
			insert into info_label values(
				112, 'Python'
			);
			insert into info_label values(
				113, 'Web'
			);
			insert into info_label values(
				113, 'C/C++'
			);
			insert into info_label values(
				114, 'Software'
			);
			insert into info_label values(
				114, 'Software'
			);
			insert into info_label values(
				115, 'C/C++'
			);
			insert into info_label values(
				115, 'Guangzhou'
			);
			insert into info_label values(
				116, 'Software'
			);
			insert into info_label values(
				116, 'Software'
			);
			insert into info_label values(
				117, 'Software'
			);
			insert into info_label values(
				117, 'Game'
			);
			insert into info_label values(
				118, 'Python'
			);
			insert into info_label values(
				118, 'Guangzhou'
			);
			insert into info_label values(
				119, 'Guangzhou'
			);
			insert into info_label values(
				119, 'Python'
			);
			insert into info_label values(
				120, 'Web'
			);
			insert into info_label values(
				120, 'Python'
			);
			insert into info_label values(
				121, 'Game'
			);
			insert into info_label values(
				121, 'Guangzhou'
			);
			insert into info_label values(
				122, 'Game'
			);
			insert into info_label values(
				122, 'Dev'
			);
			insert into info_label values(
				123, 'Dev'
			);
			insert into info_label values(
				123, 'C/C++'
			);
			insert into info_label values(
				124, 'C/C++'
			);
			insert into info_label values(
				124, 'Software'
			);
			insert into info_label values(
				125, 'Python'
			);
			insert into info_label values(
				125, 'C/C++'
			);
			insert into info_label values(
				126, 'Dev'
			);
			insert into info_label values(
				126, 'C/C++'
			);
			insert into info_label values(
				127, 'C/C++'
			);
			insert into info_label values(
				127, 'C/C++'
			);
			insert into info_label values(
				128, 'Dev'
			);
			insert into info_label values(
				128, 'Guangzhou'
			);
			insert into info_label values(
				129, 'Software'
			);
			insert into info_label values(
				129, 'Dev'
			);
			insert into info_label values(
				130, 'Python'
			);
			insert into info_label values(
				130, 'Software'
			);
			insert into info_label values(
				131, 'Python'
			);
			insert into info_label values(
				131, 'Dev'
			);
			insert into info_label values(
				132, 'Python'
			);
			insert into info_label values(
				132, 'Dev'
			);
			insert into info_label values(
				133, 'C/C++'
			);
			insert into info_label values(
				133, 'Web'
			);
			insert into info_label values(
				134, 'Guangzhou'
			);
			insert into info_label values(
				134, 'Dev'
			);
			insert into info_label values(
				135, 'Web'
			);
			insert into info_label values(
				135, 'Software'
			);
			insert into info_label values(
				136, 'Web'
			);
			insert into info_label values(
				136, 'Python'
			);
			insert into info_label values(
				137, 'Web'
			);
			insert into info_label values(
				137, 'Web'
			);
			insert into info_label values(
				138, 'Python'
			);
			insert into info_label values(
				138, 'Dev'
			);
			insert into info_label values(
				139, 'C/C++'
			);
			insert into info_label values(
				139, 'Software'
			);
			insert into info_label values(
				140, 'Python'
			);
			insert into info_label values(
				140, 'Guangzhou'
			);
			insert into info_label values(
				141, 'Game'
			);
			insert into info_label values(
				141, 'Web'
			);
			insert into info_label values(
				142, 'Dev'
			);
			insert into info_label values(
				142, 'Python'
			);
			insert into info_label values(
				143, 'Guangzhou'
			);
			insert into info_label values(
				143, 'C/C++'
			);
			insert into info_label values(
				144, 'Software'
			);
			insert into info_label values(
				144, 'Python'
			);
			insert into info_label values(
				145, 'Game'
			);
			insert into info_label values(
				145, 'Guangzhou'
			);
			insert into info_label values(
				146, 'Guangzhou'
			);
			insert into info_label values(
				146, 'Game'
			);
			insert into info_label values(
				147, 'Guangzhou'
			);
			insert into info_label values(
				147, 'Software'
			);
			insert into info_label values(
				148, 'Game'
			);
			insert into info_label values(
				148, 'Game'
			);
			insert into info_label values(
				149, 'Web'
			);
			insert into info_label values(
				149, 'Dev'
			);
			insert into info_label values(
				150, 'Game'
			);
			insert into info_label values(
				150, 'Software'
			);
			insert into info_label values(
				151, 'Game'
			);
			insert into info_label values(
				151, 'Python'
			);
			insert into info_label values(
				152, 'Guangzhou'
			);
			insert into info_label values(
				152, 'Python'
			);
			insert into info_label values(
				153, 'Game'
			);
			insert into info_label values(
				153, 'Software'
			);
			insert into info_label values(
				154, 'C/C++'
			);
			insert into info_label values(
				154, 'Software'
			);
			insert into info_label values(
				155, 'Game'
			);
			insert into info_label values(
				155, 'Web'
			);
			insert into info_label values(
				156, 'Dev'
			);
			insert into info_label values(
				156, 'Dev'
			);
			insert into info_label values(
				157, 'Guangzhou'
			);
			insert into info_label values(
				157, 'Web'
			);
			insert into info_label values(
				158, 'Game'
			);
			insert into info_label values(
				158, 'Guangzhou'
			);
			insert into info_label values(
				159, 'Game'
			);
			insert into info_label values(
				159, 'Software'
			);
			insert into info_label values(
				160, 'C/C++'
			);
			insert into info_label values(
				160, 'Software'
			);
			insert into info_label values(
				161, 'Dev'
			);
			insert into info_label values(
				161, 'Web'
			);
			insert into info_label values(
				162, 'C/C++'
			);
			insert into info_label values(
				162, 'Game'
			);
			insert into info_label values(
				163, 'Guangzhou'
			);
			insert into info_label values(
				163, 'Web'
			);
			insert into info_label values(
				164, 'Guangzhou'
			);
			insert into info_label values(
				164, 'Game'
			);
			insert into info_label values(
				165, 'C/C++'
			);
			insert into info_label values(
				165, 'Game'
			);
			insert into info_label values(
				166, 'Software'
			);
			insert into info_label values(
				166, 'Software'
			);
			insert into info_label values(
				167, 'Dev'
			);
			insert into info_label values(
				167, 'C/C++'
			);
			insert into info_label values(
				168, 'Guangzhou'
			);
			insert into info_label values(
				168, 'Dev'
			);
			insert into info_label values(
				169, 'Software'
			);
			insert into info_label values(
				169, 'Python'
			);
			insert into info_label values(
				170, 'Guangzhou'
			);
			insert into info_label values(
				170, 'Dev'
			);
			insert into info_label values(
				171, 'Dev'
			);
			insert into info_label values(
				171, 'Dev'
			);
			insert into info_label values(
				172, 'Game'
			);
			insert into info_label values(
				172, 'Web'
			);
			insert into info_label values(
				173, 'Web'
			);
			insert into info_label values(
				173, 'Game'
			);
			insert into info_label values(
				174, 'Web'
			);
			insert into info_label values(
				174, 'Dev'
			);
			insert into info_label values(
				175, 'Guangzhou'
			);
			insert into info_label values(
				175, 'Python'
			);
			insert into info_label values(
				176, 'C/C++'
			);
			insert into info_label values(
				176, 'Python'
			);
			insert into info_label values(
				177, 'Web'
			);
			insert into info_label values(
				177, 'Web'
			);
			insert into info_label values(
				178, 'Game'
			);
			insert into info_label values(
				178, 'Game'
			);
			insert into info_label values(
				179, 'Web'
			);
			insert into info_label values(
				179, 'Python'
			);
			insert into info_label values(
				180, 'Web'
			);
			insert into info_label values(
				180, 'Guangzhou'
			);
			insert into info_label values(
				181, 'Dev'
			);
			insert into info_label values(
				181, 'Python'
			);
			insert into info_label values(
				182, 'C/C++'
			);
			insert into info_label values(
				182, 'Game'
			);
			insert into info_label values(
				183, 'Web'
			);
			insert into info_label values(
				183, 'Game'
			);
			insert into info_label values(
				184, 'Software'
			);
			insert into info_label values(
				184, 'Python'
			);
			insert into info_label values(
				185, 'Software'
			);
			insert into info_label values(
				185, 'Web'
			);
			insert into info_label values(
				186, 'Dev'
			);
			insert into info_label values(
				186, 'Game'
			);
			insert into info_label values(
				187, 'Web'
			);
			insert into info_label values(
				187, 'C/C++'
			);
			insert into info_label values(
				188, 'Software'
			);
			insert into info_label values(
				188, 'Web'
			);
			insert into info_label values(
				189, 'Guangzhou'
			);
			insert into info_label values(
				189, 'Game'
			);
			insert into info_label values(
				190, 'Dev'
			);
			insert into info_label values(
				190, 'Software'
			);
			insert into info_label values(
				191, 'Python'
			);
			insert into info_label values(
				191, 'Guangzhou'
			);
			insert into info_label values(
				192, 'Guangzhou'
			);
			insert into info_label values(
				192, 'C/C++'
			);
			insert into info_label values(
				193, 'Game'
			);
			insert into info_label values(
				193, 'Game'
			);
			insert into info_label values(
				194, 'Game'
			);
			insert into info_label values(
				194, 'Software'
			);
			insert into info_label values(
				195, 'Software'
			);
			insert into info_label values(
				195, 'Game'
			);
			insert into info_label values(
				196, 'Dev'
			);
			insert into info_label values(
				196, 'C/C++'
			);
			insert into info_label values(
				197, 'Guangzhou'
			);
			insert into info_label values(
				197, 'Dev'
			);
			insert into info_label values(
				198, 'Web'
			);
			insert into info_label values(
				198, 'Dev'
			);
			insert into info_label values(
				199, 'Game'
			);
			insert into info_label values(
				199, 'Software'
			);
		insert into usr values(
			'efb86', 'A81E0121', '孙静', '6BcED@outlook.com', '2121512161015141710'
		);
		insert into usr values(
			'8BbB1', 'bA2eeF98', '于谦', '7Befa@outlook.com', '5151815121812191914'
		);
		insert into usr values(
			'2b627', '6C3ec8Ac', '苏春龙', '63f20@outlook.com', '6181214131317191016'
		);
		insert into usr values(
			'99A8F', 'A36F9B0f', '冯红', '2D6Af@gmail.com', '7181618151818191319'
		);
		insert into usr values(
			'e425f', 'a9c1b3Ae', '张伟', 'CF035@gmail.com', '7141410141210191115'
		);
		insert into usr values(
			'6CFfc', 'dE86dC0C', '戴蕾', 'E9bAe@163.com', '8191516181515101814'
		);
		insert into usr values(
			'51b14', 'affAA8Ea', '杨保江', '791bA@gmail.com', '0191415171819101012'
		);
		insert into usr values(
			'Fe89c', '5daEBfb5', '刘秋莲', '3bcB7@gmail.com', '2151712101313121410'
		);
		insert into usr values(
			'C6D8c', 'eB0925ED', '申继忠', '07b8C@163.com', '0101019121811101111'
		);
		insert into usr values(
			'1Cd14', 'FFb59B70', '刘二光', '61083@outlook.com', '6181310111010191717'
		);
		insert into usr values(
			'2Eb8C', 'Ab48E515', '李尚', 'B5eeE@gmail.com', '1171110101314171615'
		);
		insert into usr values(
			'd55ee', '53E82Dde', '宋爱梅', 'bbe9e@gmail.com', '1151216141010171412'
		);
		insert into usr values(
			'53Af5', '09BBCe42', '靖凤琴', 'B387a@gmail.com', '8151612161912181413'
		);
		insert into usr values(
			'A53eD', '41696fEE', '韩云庆', '728e7@163.com', '1161011101310181818'
		);
		insert into usr values(
			'B75CC', '8E7A1ABD', '刘艳茹', '6B855@163.com', '7181415121610141513'
		);
		insert into usr values(
			'1Eb9D', '4A6ac97a', '马龙', 'AAB2E@163.com', '0111114101912151912'
		);
		insert into usr values(
			'6Bba8', 'E83dE5bB', '李柯瑶', '33eF3@gmail.com', '0141712171818171916'
		);
		insert into usr values(
			'D17B8', '11FfF65c', '张策', 'f5B60@outlook.com', '6121010191118121718'
		);
		insert into usr values(
			'f3F86', 'bfc44193', '刘伟旺', 'c9161@qq.com', '6191512191618171410'
		);
		insert into usr values(
			'0AD9f', 'EFCa9D41', '闫宗清', 'DBCa7@163.com', '5171819121412131017'
		);
		insert into usr values(
			'a8B3b', 'C8Ce358B', '张晶', 'AEAAa@163.com', '7191810111815151718'
		);
		insert into usr values(
			'B88cc', 'FDECa4Fc', '于光', 'FBcd6@gmail.com', '5161416141812151411'
		);
		insert into usr values(
			'E214A', 'BBf236e5', '王卫国', 'ba4C2@163.com', '5121011171713181812'
		);
		insert into usr values(
			'BE371', 'AB578945', '刘娟', 'CeC1E@gmail.com', '3161010131114121313'
		);
		insert into usr values(
			'a6d4c', 'dbfCcAc6', '杜荣基', '8a2D1@gmail.com', '3191318191015151911'
		);
		insert into usr values(
			'aB0e5', '32200FF3', '刘艳薇', 'dcF97@outlook.com', '8171016161610131319'
		);
		insert into usr values(
			'2F91E', 'ca47FAE9', '崔敬伟', 'CCEcc@outlook.com', '8161318101417161413'
		);
		insert into usr values(
			'024Cc', '513CC62D', '张辉', 'EBeB1@outlook.com', '1181118111418121018'
		);
		insert into usr values(
			'A597f', '5802afb8', '马恒卫', 'becEE@163.com', '7161413101110191115'
		);
		insert into usr values(
			'5ecAC', 'bfA13Af9', '刘然欣', '281F2@gmail.com', '0121317141411161910'
		);
		insert into usr values(
			'EEcB8', '607fA3c3', '侯献英', '360Fc@qq.com', '4101812191110131210'
		);
		insert into usr values(
			'21FD9', '74da3168', '张冲', '40F01@163.com', '4151513101313111910'
		);
		insert into usr values(
			'eAB64', 'EfFBFB6E', '李淑媛', '0E53E@163.com', '3111419161418111715'
		);
		insert into usr values(
			'3922e', 'e5FD0558', '刘艳玲', 'cCCDc@outlook.com', '9111714171912181911'
		);
		insert into usr values(
			'D77D4', '3aCFA2dc', '李丽萍', 'aA90a@outlook.com', '7101615111211121714'
		);
		insert into usr values(
			'0d04f', '4c13ecAd', '张国栋', 'DB9F8@163.com', '4121617121016151216'
		);
		insert into usr values(
			'eEdfd', '56a0231b', '贾隽仙', '8Fe56@gmail.com', '7131116121816131010'
		);
		insert into usr values(
			'0c904', 'a0BcB1A9', '曹志勇', 'cdc3f@163.com', '6171618131316151117'
		);
		insert into usr values(
			'3b0C1', 'af588Ae0', '王德林', 'EbFE2@outlook.com', '3101717171915181019'
		);
		insert into usr values(
			'11De1', 'a251FAD6', '穆增志', 'd6cd8@outlook.com', '0141912171810191917'
		);
		insert into usr values(
			'a0d07', 'B751f1F6', '韩梅', '362f6@outlook.com', '6161516141218181313'
		);
		insert into usr values(
			'dce09', '2dE6b6A2', '王银祥', '402be@gmail.com', '7121412181414121915'
		);
		insert into usr values(
			'b620F', 'fc41E8FA', '张冬梅', 'feB1E@gmail.com', '9161014141110151819'
		);
		insert into usr values(
			'abAd5', 'BCe5F3DC', '朱丽芬', '19bb2@outlook.com', '5111616151318141412'
		);
		insert into usr values(
			'83A34', '0ACa6576', '段青', '3B37E@outlook.com', '7161814131618121414'
		);
		insert into usr values(
			'BCecd', 'F32D2bd6', '路连军', '4ecA9@163.com', '9111618181218181913'
		);
		insert into usr values(
			'208Ee', '6A8EC6E7', '郝连水', 'bcB5D@qq.com', '4161113101511191217'
		);
		insert into usr values(
			'4f1ab', 'bA6f32D2', '王巍', '6cbb3@qq.com', '0161218121217131218'
		);
		insert into usr values(
			'Bd478', 'faee9f23', '崔红宇', '9e06c@outlook.com', '7101912101412131710'
		);
		insert into usr values(
			'bb21c', '1a63E6aA', '马燕飞', '9d1F5@qq.com', '9121912181512141019'
		);
		insert into usr values(
			'b177F', 'Ef6305bd', '周亚娟', 'c39fd@outlook.com', '6181813141017181714'
		);
		insert into usr values(
			'EFC3A', 'A3Fa354B', '杨玉良', 'fcdEC@outlook.com', '9141514131619191812'
		);
		insert into usr values(
			'5021F', 'Cee31BCE', '周辉', '158b2@outlook.com', '9121010151117161012'
		);
		insert into usr values(
			'98eFA', '3Cbdb01a', '刘鹏', 'CBE42@163.com', '5111817131118161019'
		);
		insert into usr values(
			'B9b8d', 'DC72c7e0', '贾燕青', 'Cb69d@gmail.com', '6121719141913191611'
		);
		insert into usr values(
			'2D1bC', 'B58858bf', '甄丽静', 'b751f@163.com', '1141114101614131910'
		);
		insert into usr values(
			'567Dd', '8aB9F3cB', '张泽', '90b6D@gmail.com', '9131210101413131213'
		);
		insert into usr values(
			'fFDF7', 'bEd6E2d0', '李会英', '8C44f@qq.com', '4161519181617151110'
		);
		insert into usr values(
			'CFFC3', 'AFCacBFB', '王玉英', 'b147c@qq.com', '3141819131116151915'
		);
		insert into usr values(
			'B28dB', 'bCdBcbf4', '邓莉', '1252b@qq.com', '5101013171914191517'
		);
		insert into usr values(
			'BBf1C', '7aDAcB85', '彭艳惠', '9DBC9@outlook.com', '0171710181312191119'
		);
		insert into usr values(
			'6C522', '2fDAeb73', '魏春利', 'Fa5aB@163.com', '2171419171219111714'
		);
		insert into usr values(
			'E6Af0', '9f3FB0ed', '王春红', 'Bd0B3@163.com', '1111012151112101317'
		);
		insert into usr values(
			'6702b', 'f8Cd7Cfc', '李丹', 'bC4aA@163.com', '8181215151513171518'
		);
		insert into usr values(
			'aBFC6', 'f55b4bC0', '张喜茂', '6A90A@outlook.com', '9111010161712131912'
		);
		insert into usr values(
			'1f38A', 'A8F1F5d0', '杨晓丽', 'aB9F6@gmail.com', '9121517151717131717'
		);
		insert into usr values(
			'bb3F7', '0Eba502A', '高巍', '2CaF6@outlook.com', '9191713171911181417'
		);
		insert into usr values(
			'ec4A1', 'fafeff51', '张建学', 'b6B3b@qq.com', '4161311191610181519'
		);
		insert into usr values(
			'96aCf', '370fAAF4', '冯春恒', 'EEfdA@gmail.com', '4191719181419141814'
		);
		insert into usr values(
			'de41C', '558eaDD3', '高占海', 'A44DA@gmail.com', '5101618171317101519'
		);
		insert into usr values(
			'DFaf5', 'bB81aC2E', '张丽', '9B59C@qq.com', '6191215111811171911'
		);
		insert into usr values(
			'44D69', '021cCE6D', '袁锐坚', 'd1c07@outlook.com', '5101716141613191311'
		);
		insert into usr values(
			'eaEBF', 'E860E9DF', '刘净微', 'AEAC6@163.com', '5151713141319181313'
		);
		insert into usr values(
			'EC645', 'B0e9C8eD', '王煜', '3E36c@qq.com', '4131411151612151911'
		);
		insert into usr values(
			'A583F', 'CE241bc1', '乔豫', 'cA72D@outlook.com', '9121611141711101213'
		);
		insert into usr values(
			'5fdeC', 'cd9eD5Ef', '李艳萍', 'f9F9c@outlook.com', '3121811141311181110'
		);
		insert into usr values(
			'3C9d0', 'f0471D30', '李百春', 'e86AB@163.com', '8111117121616101811'
		);
		insert into usr values(
			'ff023', 'BaC13c0C', '贾淑敏', 'eE13e@qq.com', '9171414101212111318'
		);
		insert into usr values(
			'eFFEd', 'DfFfeCe6', '门江涛', '4A9FC@qq.com', '8111113161311141918'
		);
		insert into usr values(
			'e6AcB', 'fCe59E39', '王岩红', 'fBcDe@qq.com', '4141317181617101211'
		);
		insert into usr values(
			'0168f', '8ccB39Ae', '杨英才', '0fDBE@gmail.com', '0191710101115161810'
		);
		insert into usr values(
			'3eaA3', 'Fb18B158', '王振山', 'Fec6A@qq.com', '4171216141513171214'
		);
		insert into usr values(
			'f74F0', 'abcF9fEE', '张玲', '3C60b@163.com', '2161616121515131811'
		);
		insert into usr values(
			'Bb42B', 'DCA4A5de', '杨金柱', 'C122d@outlook.com', '6151019121512141218'
		);
		insert into usr values(
			'CeDeB', 'd872a6Ed', '范艳', 'E351E@gmail.com', '8121213191315131516'
		);
		insert into usr values(
			'527bf', 'C3fFaEbC', '蒋胜利', '590AA@outlook.com', '7141217151112131012'
		);
		insert into usr values(
			'4F3Ca', 'AaA037BE', '王素娟', 'cF4fb@163.com', '0131714121117161518'
		);
		insert into usr values(
			'20FFe', '3c5A9fBF', '邓博涛', 'FfE3c@gmail.com', '5111411161614121712'
		);
		insert into usr values(
			'd6a4f', '1cDee4a3', '张琳', '2fEf8@gmail.com', '8161617101411131215'
		);
		insert into usr values(
			'2Add1', 'FaaBC0Cd', '刘振杰', 'Eff75@163.com', '6171817121610131117'
		);
		insert into usr values(
			'A5e0A', '58D93E9E', '李磊', '61EBA@outlook.com', '8171911111710131419'
		);
		insert into usr values(
			'591C0', 'fDeaA42A', '王志芳', 'D90dC@163.com', '3111317171714191312'
		);
		insert into usr values(
			'C581E', 'bf1fA5CE', '张卫民', 'C7db5@gmail.com', '7141919161010181617'
		);
		insert into usr values(
			'EfC9E', 'adfdF80f', '闫来胜', '14afF@gmail.com', '0151313121711101415'
		);
		insert into usr values(
			'4F4d2', '36ece750', '许艳丽', '9ddaf@gmail.com', '0101713101118111716'
		);
		insert into usr values(
			'dBC4B', 'a3afdDF4', '魏红梅', 'eda80@gmail.com', '3161310111514151113'
		);
		insert into usr values(
			'36C8E', '31b43AA5', '杜建章', '0CA46@qq.com', '4181611161210131014'
		);
		insert into usr values(
			'19dcF', '59CeeE0c', '鲁全福', 'Ebf5a@gmail.com', '1181114181116131812'
		);
		insert into usr values(
			'ca78A', 'f25AbEd3', '常春兰', 'AA54B@163.com', '2151219121013141218'
		);
		insert into usr values(
			'b4B1A', 'AF0dcAed', '吕金起', '6cf4d@gmail.com', '5171819161615141614'
		);
				insert into usr_like values(
					'efb86', 165
				);
				insert into usr_like values(
					'8BbB1', 137
				);
				insert into usr_like values(
					'8BbB1', 116
				);
				insert into usr_like values(
					'8BbB1', 141
				);
				insert into usr_like values(
					'2b627', 199
				);
				insert into usr_like values(
					'2b627', 177
				);
				insert into usr_like values(
					'99A8F', 165
				);
				insert into usr_like values(
					'99A8F', 163
				);
				insert into usr_like values(
					'99A8F', 176
				);
				insert into usr_like values(
					'e425f', 200
				);
				insert into usr_like values(
					'6CFfc', 127
				);
				insert into usr_like values(
					'6CFfc', 183
				);
				insert into usr_like values(
					'6CFfc', 188
				);
				insert into usr_like values(
					'6CFfc', 175
				);
				insert into usr_like values(
					'51b14', 176
				);
				insert into usr_like values(
					'51b14', 200
				);
				insert into usr_like values(
					'51b14', 107
				);
				insert into usr_like values(
					'51b14', 187
				);
				insert into usr_like values(
					'Fe89c', 155
				);
				insert into usr_like values(
					'Fe89c', 187
				);
				insert into usr_like values(
					'Fe89c', 198
				);
				insert into usr_like values(
					'2Eb8C', 141
				);
				insert into usr_like values(
					'53Af5', 177
				);
				insert into usr_like values(
					'A53eD', 125
				);
				insert into usr_like values(
					'B75CC', 116
				);
				insert into usr_like values(
					'B75CC', 158
				);
				insert into usr_like values(
					'1Eb9D', 134
				);
				insert into usr_like values(
					'6Bba8', 149
				);
				insert into usr_like values(
					'6Bba8', 164
				);
				insert into usr_like values(
					'6Bba8', 184
				);
				insert into usr_like values(
					'D17B8', 153
				);
				insert into usr_like values(
					'D17B8', 142
				);
				insert into usr_like values(
					'f3F86', 125
				);
				insert into usr_like values(
					'f3F86', 140
				);
				insert into usr_like values(
					'f3F86', 177
				);
				insert into usr_like values(
					'0AD9f', 196
				);
				insert into usr_like values(
					'0AD9f', 198
				);
				insert into usr_like values(
					'0AD9f', 194
				);
				insert into usr_like values(
					'0AD9f', 172
				);
				insert into usr_like values(
					'a8B3b', 108
				);
				insert into usr_like values(
					'a8B3b', 122
				);
				insert into usr_like values(
					'B88cc', 107
				);
				insert into usr_like values(
					'B88cc', 103
				);
				insert into usr_like values(
					'B88cc', 142
				);
				insert into usr_like values(
					'E214A', 167
				);
				insert into usr_like values(
					'BE371', 134
				);
				insert into usr_like values(
					'BE371', 132
				);
				insert into usr_like values(
					'BE371', 110
				);
				insert into usr_like values(
					'a6d4c', 181
				);
				insert into usr_like values(
					'aB0e5', 189
				);
				insert into usr_like values(
					'2F91E', 117
				);
				insert into usr_like values(
					'2F91E', 186
				);
				insert into usr_like values(
					'2F91E', 195
				);
				insert into usr_like values(
					'024Cc', 113
				);
				insert into usr_like values(
					'A597f', 129
				);
				insert into usr_like values(
					'A597f', 142
				);
				insert into usr_like values(
					'5ecAC', 168
				);
				insert into usr_like values(
					'EEcB8', 116
				);
				insert into usr_like values(
					'21FD9', 125
				);
				insert into usr_like values(
					'eAB64', 192
				);
				insert into usr_like values(
					'3922e', 167
				);
				insert into usr_like values(
					'3922e', 170
				);
				insert into usr_like values(
					'D77D4', 184
				);
				insert into usr_like values(
					'D77D4', 113
				);
				insert into usr_like values(
					'0d04f', 185
				);
				insert into usr_like values(
					'0d04f', 132
				);
				insert into usr_like values(
					'0d04f', 161
				);
				insert into usr_like values(
					'0c904', 150
				);
				insert into usr_like values(
					'3b0C1', 170
				);
				insert into usr_like values(
					'11De1', 154
				);
				insert into usr_like values(
					'a0d07', 102
				);
				insert into usr_like values(
					'a0d07', 132
				);
				insert into usr_like values(
					'dce09', 153
				);
				insert into usr_like values(
					'dce09', 177
				);
				insert into usr_like values(
					'b620F', 102
				);
				insert into usr_like values(
					'b620F', 146
				);
				insert into usr_like values(
					'abAd5', 113
				);
				insert into usr_like values(
					'abAd5', 126
				);
				insert into usr_like values(
					'83A34', 153
				);
				insert into usr_like values(
					'83A34', 133
				);
				insert into usr_like values(
					'83A34', 111
				);
				insert into usr_like values(
					'BCecd', 100
				);
				insert into usr_like values(
					'BCecd', 130
				);
				insert into usr_like values(
					'208Ee', 100
				);
				insert into usr_like values(
					'208Ee', 137
				);
				insert into usr_like values(
					'208Ee', 140
				);
				insert into usr_like values(
					'4f1ab', 165
				);
				insert into usr_like values(
					'4f1ab', 150
				);
				insert into usr_like values(
					'Bd478', 181
				);
				insert into usr_like values(
					'Bd478', 117
				);
				insert into usr_like values(
					'bb21c', 119
				);
				insert into usr_like values(
					'bb21c', 158
				);
				insert into usr_like values(
					'b177F', 101
				);
				insert into usr_like values(
					'b177F', 144
				);
				insert into usr_like values(
					'b177F', 113
				);
				insert into usr_like values(
					'b177F', 109
				);
				insert into usr_like values(
					'EFC3A', 109
				);
				insert into usr_like values(
					'5021F', 198
				);
				insert into usr_like values(
					'5021F', 143
				);
				insert into usr_like values(
					'98eFA', 156
				);
				insert into usr_like values(
					'98eFA', 165
				);
				insert into usr_like values(
					'B9b8d', 160
				);
				insert into usr_like values(
					'B9b8d', 126
				);
				insert into usr_like values(
					'B9b8d', 172
				);
				insert into usr_like values(
					'2D1bC', 171
				);
				insert into usr_like values(
					'2D1bC', 114
				);
				insert into usr_like values(
					'567Dd', 190
				);
				insert into usr_like values(
					'fFDF7', 123
				);
				insert into usr_like values(
					'CFFC3', 130
				);
				insert into usr_like values(
					'CFFC3', 149
				);
				insert into usr_like values(
					'CFFC3', 146
				);
				insert into usr_like values(
					'CFFC3', 164
				);
				insert into usr_like values(
					'B28dB', 182
				);
				insert into usr_like values(
					'B28dB', 177
				);
				insert into usr_like values(
					'BBf1C', 119
				);
				insert into usr_like values(
					'BBf1C', 200
				);
				insert into usr_like values(
					'6C522', 168
				);
				insert into usr_like values(
					'E6Af0', 152
				);
				insert into usr_like values(
					'6702b', 122
				);
				insert into usr_like values(
					'aBFC6', 146
				);
				insert into usr_like values(
					'aBFC6', 177
				);
				insert into usr_like values(
					'1f38A', 169
				);
				insert into usr_like values(
					'1f38A', 131
				);
				insert into usr_like values(
					'bb3F7', 161
				);
				insert into usr_like values(
					'ec4A1', 112
				);
				insert into usr_like values(
					'96aCf', 163
				);
				insert into usr_like values(
					'96aCf', 127
				);
				insert into usr_like values(
					'96aCf', 111
				);
				insert into usr_like values(
					'de41C', 127
				);
				insert into usr_like values(
					'de41C', 151
				);
				insert into usr_like values(
					'DFaf5', 148
				);
				insert into usr_like values(
					'44D69', 131
				);
				insert into usr_like values(
					'44D69', 136
				);
				insert into usr_like values(
					'44D69', 163
				);
				insert into usr_like values(
					'eaEBF', 113
				);
				insert into usr_like values(
					'A583F', 111
				);
				insert into usr_like values(
					'5fdeC', 108
				);
				insert into usr_like values(
					'3C9d0', 113
				);
				insert into usr_like values(
					'3C9d0', 138
				);
				insert into usr_like values(
					'ff023', 134
				);
				insert into usr_like values(
					'eFFEd', 162
				);
				insert into usr_like values(
					'eFFEd', 182
				);
				insert into usr_like values(
					'eFFEd', 102
				);
				insert into usr_like values(
					'e6AcB', 187
				);
				insert into usr_like values(
					'e6AcB', 124
				);
				insert into usr_like values(
					'e6AcB', 173
				);
				insert into usr_like values(
					'0168f', 115
				);
				insert into usr_like values(
					'3eaA3', 119
				);
				insert into usr_like values(
					'3eaA3', 194
				);
				insert into usr_like values(
					'3eaA3', 137
				);
				insert into usr_like values(
					'3eaA3', 124
				);
				insert into usr_like values(
					'f74F0', 130
				);
				insert into usr_like values(
					'Bb42B', 117
				);
				insert into usr_like values(
					'Bb42B', 106
				);
				insert into usr_like values(
					'CeDeB', 124
				);
				insert into usr_like values(
					'CeDeB', 166
				);
				insert into usr_like values(
					'527bf', 133
				);
				insert into usr_like values(
					'527bf', 125
				);
				insert into usr_like values(
					'4F3Ca', 198
				);
				insert into usr_like values(
					'4F3Ca', 110
				);
				insert into usr_like values(
					'20FFe', 182
				);
				insert into usr_like values(
					'20FFe', 127
				);
				insert into usr_like values(
					'20FFe', 101
				);
				insert into usr_like values(
					'd6a4f', 115
				);
				insert into usr_like values(
					'2Add1', 108
				);
				insert into usr_like values(
					'2Add1', 113
				);
				insert into usr_like values(
					'A5e0A', 113
				);
				insert into usr_like values(
					'591C0', 131
				);
				insert into usr_like values(
					'591C0', 130
				);
				insert into usr_like values(
					'C581E', 136
				);
				insert into usr_like values(
					'EfC9E', 122
				);
				insert into usr_like values(
					'4F4d2', 125
				);
				insert into usr_like values(
					'4F4d2', 160
				);
				insert into usr_like values(
					'4F4d2', 125
				);
				insert into usr_like values(
					'dBC4B', 152
				);
				insert into usr_like values(
					'dBC4B', 100
				);
				insert into usr_like values(
					'dBC4B', 157
				);
				insert into usr_like values(
					'36C8E', 188
				);
				insert into usr_like values(
					'19dcF', 150
				);
				insert into usr_like values(
					'19dcF', 120
				);
				insert into usr_like values(
					'19dcF', 182
				);
				insert into usr_like values(
					'19dcF', 156
				);
				insert into usr_like values(
					'ca78A', 118
				);
				insert into usr_like values(
					'ca78A', 138
				);
				insert into usr_like values(
					'ca78A', 140
				);
				insert into usr_like values(
					'ca78A', 167
				);
				insert into usr_like values(
					'b4B1A', 123
				);
				insert into usr_like values(
					'b4B1A', 160
				);